time/time_elapsed,time/iterations,time/fps,rollout/ep_len_mean,rollout/ep_rew_mean,time/total_timesteps,train/loss,train/n_updates,train/clip_fraction,train/clip_range,train/policy_gradient_loss,train/learning_rate,train/entropy_loss,train/std,train/explained_variance,train/value_loss,train/approx_kl,eval/mean_reward,eval/mean_ep_length
21,1,1806,2000.0,2951.647009157895,38912,,,,,,,,,,,,,
51,2,1498,1977.342105263158,2817.5802255,77824,17.408554077148438,13900,0.03351665296052632,0.2,-0.000816761375072498,9.961088000000001e-05,0.960016066933933,0.14962825179100037,0.8693320751190186,42.44086531337939,0.004268742,,
80,3,1441,1984.8947368421052,2790.451882701754,116736,34.05281448364258,13910,0.028816303453947367,0.2,-0.0020973408741778448,9.922176e-05,0.9649977729508751,0.14924320578575134,0.9017013907432556,62.906902481380264,0.004013455,,
108,4,1429,1988.671052631579,2815.1082462236845,155648,37.40761184692383,13920,0.03441354851973684,0.2,-0.0012928498723531927,9.883264000000001e-05,0.9686895033246592,0.14913326501846313,0.8855301141738892,70.05209570683931,0.0036051234,,
140,5,1386,1990.9368421052632,2786.8377460736842,194560,49.657325744628906,13930,0.0306640625,0.2,-0.0006309009964943949,9.844352e-05,0.9718782563742838,0.14873360097408295,0.8854964971542358,52.583687714526526,0.0036993297,,
169,6,1381,1991.39,2791.4994709100006,233472,31.914175033569336,13940,0.030633223684210526,0.2,-0.0015846003986600982,9.805440000000001e-05,0.9696925276204159,0.14932295680046082,0.8974835872650146,89.18562439366391,0.0036295087,,
,,,,,249983,34.39912033081055,13950,0.03914473684210526,0.2,-0.001131109428579772,9.766528e-05,0.9659673258662224,0.14916974306106567,0.8779621720314026,76.77318824717874,0.0048785666,3403.7356501500008,2000.0
216,7,1256,2000.0,2821.7135084099996,272384,,,,,,,,,,,,,
222,8,1398,2000.0,2844.72804061,311296,23.279674530029297,13960,0.04118523848684211,0.2,-0.001287667545272454,9.727616e-05,0.9718774329674872,0.14877061545848846,0.8871513605117798,56.586154144688656,0.004091672,,
228,9,1531,2000.0,2874.75911441,350208,23.358739852905273,13970,0.03042506167763158,0.2,-0.000746860918374487,9.688704000000001e-05,0.9740457464205591,0.14858078956604004,0.8753225803375244,68.90504830510993,0.0037262796,,
234,10,1658,2000.0,2920.79786895,389120,16.140554428100586,13980,0.03653371710526316,0.2,-0.001007823153677715,9.649792e-05,0.9776802675504433,0.1485115885734558,0.85810786485672,64.60044997365851,0.003978522,,
240,11,1778,2000.0,2928.7027140399996,428032,35.56049346923828,13990,0.04329255756578947,0.2,-0.0010268464054924583,9.61088e-05,0.9774742142150277,0.14851036667823792,0.8913246393203735,52.359498287502085,0.004787133,,
246,12,1894,2000.0,2941.126037570001,466944,72.07862854003906,14000,0.03297183388157895,0.2,-0.0018370722703127142,9.571968e-05,0.9784926292927641,0.14839856326580048,0.9005115032196045,55.308845974269666,0.0042336388,,
,,,,,499966,25.089845657348633,14010,0.044495271381578945,0.2,-0.001414114935706541,9.533056e-05,0.975961372726842,0.14873357117176056,0.8963897824287415,66.17186727774771,0.0053903796,3426.84700055,2000.0
274,13,1841,2000.0,2932.6755520499996,505856,,,,,,,,,,,,,
281,14,1933,2000.0,2905.1380970400005,544768,33.8249626159668,14020,0.027163856907894735,0.2,-0.0006339277257977397,9.494144e-05,0.9783644904431544,0.14823991060256958,0.8812233805656433,72.93108906494943,0.0035305733,,
288,15,2019,1981.24,2866.61217588,583680,39.10236740112305,14030,0.03385587993421053,0.2,-0.0008248726305809166,9.455232000000001e-05,0.9839108340050045,0.1479315608739853,0.8935264348983765,53.98765044714275,0.003923241,,
296,16,2099,1981.24,2857.44214853,622592,29.673757553100586,14040,0.034012643914473686,0.2,-0.0010142696955498603,9.416320000000001e-05,0.9917599886655808,0.1472606360912323,0.9152254462242126,53.19895963292373,0.0040120245,,
304,17,2175,1965.92,2809.597621449999,661504,25.434804916381836,14050,0.033508943256578945,0.2,-0.0016656384126307736,9.377408e-05,0.9977617888858444,0.1467650830745697,0.9009764790534973,66.29066310681795,0.0041413866,,
311,18,2250,1965.92,2797.3120705400006,700416,56.28868865966797,14060,0.027130448190789472,0.2,-0.000800770700994977,9.338496000000001e-05,1.001337099859589,0.14661705493927002,0.9091503620147705,79.76299341352362,0.0032216986,,
318,19,2321,1965.92,2802.4217170100005,739328,33.87089538574219,14070,0.04026007401315789,0.2,-0.0017221070888856621,9.299584e-05,1.0047680144247255,0.14642077684402466,0.8818787336349487,79.5001210664448,0.0046058325,,
,,,,,749949,34.3988151550293,14080,0.031234580592105262,0.2,-0.00106646069379119,9.260672e-05,1.006893684675819,0.14622904360294342,0.9036346673965454,62.3691441184596,0.0036905224,3411.9080862,2000.0
348,20,2230,1948.82,2791.7381902499997,778240,,,,,,,,,,,,,
355,21,2296,1967.58,2852.5198131800003,817152,20.547399520874023,14090,0.03963815789473684,0.2,-0.0009708446881727707,9.22176e-05,1.0140256230768405,0.14551863074302673,0.926123857498169,42.59102597236633,0.0041445084,,
362,22,2359,1967.58,2869.01295774,856064,16.98688507080078,14100,0.04339792351973684,0.2,-0.0011467425085261071,9.182848000000001e-05,1.0128727421948784,0.14611180126667023,0.9032730460166931,41.136676581282366,0.004430336,,
369,23,2420,1982.9,2934.099924169999,894976,33.561607360839844,14110,0.024725020559210525,0.2,-0.0009834488676125673,9.143936e-05,1.0088322979839224,0.1461319625377655,0.8697791695594788,61.92323650309914,0.0030815438,,
376,24,2479,1982.9,2957.6566023600003,933888,27.623939514160156,14120,0.03190275493421053,0.2,-0.0008979567141259873,9.105024000000001e-05,1.0093391848237891,0.14620539546012878,0.9118626713752747,35.913149538793064,0.0033718857,,
383,25,2536,1963.73,2918.79389263,972800,19.88826560974121,14130,0.022265625,0.2,-0.0009350809081010276,9.066112e-05,1.0125834965392162,0.14570248126983643,0.9035763740539551,49.884633352881984,0.0033461743,,
,,,,,999932,41.360660552978516,14140,0.03518451891447368,0.2,-0.002149738443825443,9.0272e-05,1.0163155759635725,0.14546388387680054,0.9056856632232666,68.05945675749528,0.0040024137,3399.01537905,2000.0
413,26,2449,1980.83,2922.92879739,1011712,,,,,,,,,,,,,
419,27,2502,1980.83,2905.81780487,1050624,18.708133697509766,14150,0.03257349917763158,0.2,-0.0011001717440146757,8.988288e-05,1.0204354930865138,0.14515268802642822,0.9041110873222351,55.94212713743511,0.0044482793,,
426,28,2552,1980.83,2900.7187817500003,1089536,30.202938079833984,14160,0.03094418174342105,0.2,-0.001021288238514803,8.949376e-05,1.0248434793008,0.14488822221755981,0.8904457688331604,62.70712056661907,0.004219804,,
433,29,2601,1977.35,2826.65806577,1128448,33.97447204589844,14170,0.029248046875,0.2,-0.0011415688676367464,8.910464000000001e-05,1.0197769754811337,0.14583325386047363,0.8947314023971558,90.53798854476527,0.0036481933,,
440,30,2648,1977.35,2784.76358892,1167360,45.7164192199707,14180,0.043477590460526315,0.2,-0.0021181844565465948,8.871552e-05,1.0114351366695604,0.14617080986499786,0.9022878408432007,80.2468280491076,0.0041698874,,
447,31,2692,1996.52,2859.0433875099993,1206272,27.09346580505371,14190,0.038222142269736845,0.2,-0.0014614490560856403,8.832640000000001e-05,1.0110115790053418,0.14587284624576569,0.9138097763061523,45.69523160834061,0.0043125227,,
455,32,2736,1984.26,2811.1044420699995,1245184,38.69266128540039,14200,0.029620682565789473,0.2,-0.001014575311197213,8.793728e-05,1.0115038661580338,0.14601773023605347,0.9138307571411133,73.79677476631967,0.0041330378,,
,,,,,1249915,40.035282135009766,14210,0.03573704769736842,0.2,-0.0008467966002890056,8.754816000000001e-05,1.0149492125762136,0.14539006352424622,0.9043059945106506,66.09518589220549,0.0036146296,3440.0579932499995,2000.0
484,33,2651,1984.26,2820.00105699,1284096,,,,,,,,,,,,,
491,34,2691,1975.25,2841.3740126300004,1323008,44.68759536743164,14220,0.04759457236842105,0.2,-0.001154650535318069,8.715904e-05,1.0298340016289762,0.1440231204032898,0.9037080407142639,61.170971532871846,0.004954878,,
498,35,2732,1973.88,2888.1772991999997,1361920,11.733389854431152,14230,0.04023694490131579,0.2,-0.0012228614914132968,8.676992e-05,1.0363604718133024,0.14428266882896423,0.9215971231460571,50.28560112275575,0.0040761833,,
505,36,2771,1973.88,2830.73388454,1400832,24.918245315551758,14240,0.031997841282894735,0.2,-0.0007259322496553834,8.638080000000001e-05,1.0323694694983332,0.14462308585643768,0.906865119934082,65.77143226422761,0.0036718645,,
512,37,2809,1973.88,2876.73425471,1439744,38.926666259765625,14250,0.03580900493421053,0.2,-0.0016865790810123528,8.599168e-05,1.031174947870405,0.144465833902359,0.9014937877655029,64.90739457481786,0.004368818,,
519,38,2846,1986.14,2900.66605401,1478656,16.090133666992188,14260,0.033246813322368424,0.2,-0.0007036092112110438,8.560256e-05,1.0293665476535496,0.14471495151519775,0.9004428386688232,52.046908327152856,0.0039782836,,
,,,,,1499898,46.765682220458984,14270,0.04230057565789474,0.2,-0.0013371746068036087,8.521344e-05,1.0242044588452892,0.1452653706073761,0.8790505528450012,70.24365842969794,0.004315969,3389.7772477500002,2000.0
550,39,2756,1983.63,2901.6429301,1517568,,,,,,,,,,,,,
558,40,2788,1985.0,2933.2892886299996,1556480,36.983802795410156,14280,0.03705283717105263,0.2,-0.0015291294422288622,8.482432e-05,1.0313422432071284,0.14411580562591553,0.9142444729804993,35.19058095154009,0.0036278374,,
566,41,2818,1985.0,2955.26778874,1595392,11.400074005126953,14290,0.03320055509868421,0.2,-0.0013169887427418297,8.44352e-05,1.0412964067961041,0.14354997873306274,0.919129490852356,38.30506905881982,0.0040070713,,
573,42,2850,1985.0,2922.8218764000003,1634304,22.014524459838867,14300,0.02499229029605263,0.2,-0.001278048649883682,8.404608000000001e-05,1.0403961073411139,0.14420033991336823,0.9330565929412842,47.809281705555165,0.0030123394,,
580,43,2880,1985.0,2919.2046254800002,1673216,21.25655174255371,14310,0.035264185855263155,0.2,-0.0013875586064195408,8.365696000000001e-05,1.0365482458942814,0.14404955506324768,0.9079168438911438,55.097032669970865,0.0048347847,,
588,44,2911,2000.0,2928.0239332200003,1712128,18.760589599609375,14320,0.024827816611842104,0.2,-0.000565319845841977,8.326784e-05,1.033866276239094,0.14459824562072754,0.9212175607681274,59.04892104173961,0.0035655154,,
,,,,,1749881,48.47709274291992,14330,0.03167403371710526,0.2,-0.0011875049273887845,8.287872000000001e-05,1.0266736027441528,0.145120769739151,0.921613872051239,59.68804850829275,0.0035689916,3411.2086114500003,2000.0
618,45,2832,2000.0,2906.7464193299993,1751040,,,,,,,,,,,,,
625,46,2861,2000.0,2864.0403585699996,1789952,26.80707550048828,14340,0.03345754523026316,0.2,-0.0008451739980189718,8.24896e-05,1.0207506975061016,0.14543089270591736,0.8948169946670532,58.311038950869914,0.0035359326,,
633,47,2887,2000.0,2860.67949262,1828864,36.216617584228516,14350,0.031196032072368422,0.2,-0.0016004826538080937,8.210048e-05,1.015442106598302,0.14598448574543,0.8977718353271484,67.7521702640935,0.0037870563,,
640,48,2913,2000.0,2887.76255421,1867776,17.66180992126465,14360,0.026876027960526315,0.2,-0.0013526982396510185,8.171136e-05,1.016084394015764,0.14533978700637817,0.9185346961021423,53.708488805670484,0.0037564933,,
648,49,2940,2000.0,2876.3356866299996,1906688,16.98003387451172,14370,0.0433362458881579,0.2,-0.0018529764610943139,8.132224000000001e-05,1.0181093612783834,0.14559794962406158,0.9105691909790039,55.71282444502178,0.004243209,,
655,50,2966,2000.0,2888.577772750001,1945600,19.70607566833496,14380,0.039124177631578945,0.2,-0.001543883361093896,8.093312e-05,1.0128320662598862,0.1460290104150772,0.9067715406417847,42.68396136133294,0.004905416,,
663,51,2993,2000.0,2914.1228402100005,1984512,25.99832534790039,14390,0.031298828125,0.2,-0.0012082695478487662,8.054399999999999e-05,1.0095148837880084,0.14621198177337646,0.9281938076019287,54.37752696840386,0.0032144652,,
,,,,,1999864,21.15108299255371,14400,0.026387746710526315,0.2,-0.0009520997085737212,8.015488e-05,1.0076229704053778,0.1462448090314865,0.904521107673645,71.04874183253239,0.0035398253,3400.5575533,2000.0
693,52,2918,2000.0,2939.15625857,2023424,,,,,,,,,,,,,
700,53,2945,1976.75,2885.541740129999,2062336,22.732370376586914,14410,0.03485557154605263,0.2,-0.0016531471517641637,7.976576e-05,1.0116505142889525,0.14570078253746033,0.920120894908905,68.22463219040318,0.0040033148,,
707,54,2970,1976.75,2888.6567789499995,2101248,24.905187606811523,14420,0.04229543585526316,0.2,-0.0015795233804965392,7.937664e-05,1.0265676780750876,0.1442318707704544,0.9257131218910217,48.26501009338781,0.0046850853,,
714,55,2995,1976.75,2850.8867696099996,2140160,37.0347785949707,14430,0.03539011101973684,0.2,-0.0014465255667394223,7.898752e-05,1.0361995899363567,0.14402078092098236,0.9111922383308411,58.70709140677201,0.0038579812,,
721,56,3020,1976.75,2842.115439660001,2179072,22.390256881713867,14440,0.022293893914473683,0.2,-0.0003528757772169468,7.859840000000001e-05,1.0419726672925447,0.14350062608718872,0.8992211818695068,52.25495217473883,0.0031231344,,
728,57,3045,1976.75,2846.84435629,2217984,39.39297103881836,14450,0.03199270148026316,0.2,-0.0014767900329867476,7.820928e-05,1.0421236053893441,0.14389508962631226,0.9043819904327393,52.21086258888245,0.003797706,,
,,,,,2249847,18.055591583251953,14460,0.031666324013157894,0.2,-0.0010474415379576386,7.782016000000001e-05,1.043770862880506,0.14335814118385315,0.9058640003204346,56.75768232094614,0.0037351674,3364.71953195,2000.0
758,58,2976,2000.0,2899.3523322399997,2256896,,,,,,,,,,,,,
765,59,2999,2000.0,2879.7077982399996,2295808,15.070298194885254,14470,0.03370425575657895,0.2,-0.001182332764974011,7.743104000000001e-05,1.0527382640462173,0.14266547560691833,0.9142234325408936,44.973054318679004,0.003640587,,
772,60,3022,1969.46,2840.78211072,2334720,25.59749984741211,14480,0.03146073190789474,0.2,-0.0008983030147072369,7.704192e-05,1.0579616803871958,0.1425449699163437,0.9068677425384521,59.17149458182485,0.0043182657,,
779,61,3045,1969.46,2854.86824089,2373632,28.935100555419922,14490,0.02455283717105263,0.2,-0.0010398217877465006,7.66528e-05,1.0592940448146118,0.14238721132278442,0.9106382131576538,68.97776644355372,0.0032159293,,
786,62,3067,1969.46,2835.13663772,2412544,30.742488861083984,14500,0.038659025493421054,0.2,-0.0011349753781503655,7.626368e-05,1.0605484598561337,0.14250709116458893,0.9202267527580261,46.62072187097449,0.0035863072,,
794,63,3087,1969.46,2858.08012815,2451456,34.19274139404297,14510,0.03269171463815789,0.2,-0.001032244040643012,7.587456000000001e-05,1.0569510707729741,0.14284424483776093,0.9083681106567383,58.312173204672966,0.0038811709,,
801,64,3105,1950.35,2790.88992924,2490368,24.763763427734375,14520,0.03184364720394737,0.2,-0.0011852819870814288,7.548544e-05,1.0533318720365825,0.14304310083389282,0.8877723813056946,58.99111255595559,0.0041115084,,
,,,,,2499830,17.786062240600586,14530,0.028497635690789475,0.2,-0.0012286713628686572,7.509632e-05,1.0512912069496356,0.14311069250106812,0.9366525411605835,59.8340958745856,0.0042541167,3414.6912251000003,2000.0
838,65,3016,1971.65,2816.77288759,2529280,,,,,,,,,,,,,
846,66,3034,1971.65,2815.9357577,2568192,31.07001495361328,14540,0.029959909539473684,0.2,-0.0009714654660599895,7.47072e-05,1.0490217977448513,0.14333437383174896,0.9056344032287598,60.41409792649119,0.003771335,,
854,67,3052,1971.65,2832.29799405,2607104,19.878541946411133,14550,0.029109272203947368,0.2,-0.0012775739376114583,7.431808e-05,1.0508729333940305,0.14293982088565826,0.8970320224761963,52.90906788173475,0.002944412,,
861,68,3070,1971.65,2800.4729860700004,2646016,33.13680648803711,14560,0.04233912417763158,0.2,-0.0016531766156396388,7.392896e-05,1.0521294135796397,0.14302948117256165,0.8993030786514282,54.91087481599105,0.0041414374,,
869,69,3087,1990.76,2890.6592122700004,2684928,13.36934757232666,14570,0.03589381167763158,0.2,-0.0016542541854218335,7.353984e-05,1.046856947321641,0.1437532603740692,0.9192138910293579,52.236624539525884,0.004138367,,
877,70,3104,2000.0,2901.53248171,2723840,21.165231704711914,14580,0.03047645970394737,0.2,-0.0011372420227608497,7.315072000000001e-05,1.0392481661156605,0.1440897285938263,0.8875482082366943,49.28330376399191,0.00385846,,
,,,,,2749813,63.373409271240234,14590,0.027600740131578948,0.2,-0.00048679729745919375,7.27616e-05,1.0385638158572348,0.1438249945640564,0.8787261247634888,54.79381472562489,0.004106469,3407.9922984000004,2000.0
909,71,3037,2000.0,2934.2133630999997,2762752,,,,,,,,,,,,,
916,72,3056,1980.88,2898.9358183399995,2801664,30.837215423583984,14600,0.03363743832236842,0.2,-0.0013086590299376678,7.237248000000001e-05,1.0438669919967651,0.14350681006908417,0.905046284198761,51.351327088004666,0.0036758885,,
923,73,3074,1980.88,2899.4481154200002,2840576,33.81658935546875,14610,0.03127312911184211,0.2,-0.0013147507587411,7.198336000000002e-05,1.0447418046625037,0.14356163144111633,0.8997046947479248,57.809443652002436,0.0037828975,,
931,74,3092,1980.88,2898.2355372400007,2879488,17.839387893676758,14620,0.034937808388157895,0.2,-0.0010215240974886049,7.159424e-05,1.0428432941436767,0.14378276467323303,0.9007745981216431,56.48975700202741,0.004732132,,
938,75,3111,1966.86,2868.0896942199997,2918400,19.026540756225586,14630,0.030846525493421054,0.2,-0.0011033669300990082,7.120512e-05,1.0471095847456078,0.14302565157413483,0.9135265946388245,42.956581386766935,0.0040776744,,
945,76,3127,1966.86,2881.7162590099992,2957312,15.001460075378418,14640,0.03223941200657895,0.2,-0.0013485717665293793,7.081600000000001e-05,1.0516401908899609,0.1430368721485138,0.9193281531333923,49.19393290469521,0.0044286465,,
953,77,3143,1985.98,2894.4608752099994,2996224,28.700597763061523,14650,0.03367341694078947,0.2,-0.00122913614797749,7.042688e-05,1.0472473332756445,0.14365828037261963,0.9104482531547546,54.97475653949537,0.0032812816,,
,,,,,2999796,6.842976093292236,14660,0.033025801809210525,0.2,-0.0009344707753227436,7.003775999999999e-05,1.0411985620072013,0.14384162425994873,0.9055444598197937,50.53599773080725,0.004301187,3297.13351625,2000.0
983,78,3084,1968.41,2897.6318501299997,3035136,,,,,,,,,,,,,
991,79,3101,1968.41,2897.5930873000007,3074048,10.435735702514648,14670,0.030453330592105265,0.2,-0.0014314655059838276,6.964864e-05,1.044290259323622,0.14334061741828918,0.9056180715560913,43.10034705463209,0.0030213646,,
998,80,3118,1982.43,2928.45989546,3112960,12.892253875732422,14680,0.03224969161184211,0.2,-0.0012365206821031232,6.925952e-05,1.0505623626081566,0.1429285705089569,0.9058603048324585,43.41399569887864,0.0029554248,,
1005,81,3135,1982.43,2894.9487202799996,3151872,13.344877243041992,14690,0.028970497532894737,0.2,-0.0009728137382664595,6.88704e-05,1.0575938218518308,0.14233197271823883,0.9049049019813538,46.29287939573589,0.004064521,,
1012,82,3151,1982.43,2904.4389193600005,3190784,40.25101089477539,14700,0.029240337171052632,0.2,-0.0010170616607769931,6.848128e-05,1.0584155137601652,0.14273232221603394,0.9124751091003418,50.13102518633792,0.0037539871,,
1019,83,3167,2000.0,2925.9431118599996,3229696,16.662858963012695,14710,0.02894479851973684,0.2,-0.0009344450501789412,6.809216000000001e-05,1.0602833959617113,0.14209601283073425,0.9151550531387329,41.44141914844513,0.0034959407,,
,,,,,3249779,33.466304779052734,14720,0.028340871710526315,0.2,-0.001075232132815903,6.770304e-05,1.0663276148469825,0.14193876087665558,0.8930816650390625,55.74029178368418,0.0037489487,3240.9697041,2000.0
1049,84,3115,2000.0,2902.10889497,3268608,,,,,,,,,,,,,
1056,85,3130,2000.0,2874.1449572099996,3307520,22.240400314331055,14730,0.024159642269736843,0.2,-0.0006538526733301727,6.731392000000001e-05,1.064715767220447,0.14216098189353943,0.8911041021347046,49.667014798365145,0.0033992855,,
1063,86,3146,2000.0,2906.95277415,3346432,17.708215713500977,14740,0.025801809210526317,0.2,-0.0007274247350563344,6.692480000000001e-05,1.065466931462288,0.14193779230117798,0.9080492258071899,42.106287924866926,0.0036435844,,
1070,87,3161,2000.0,2914.5012301400006,3385344,10.007241249084473,14750,0.03384046052631579,0.2,-0.0009610579897478027,6.653568e-05,1.0743760781852822,0.14105284214019775,0.9374901056289673,30.791500608544602,0.0041248426,,
1078,88,3176,2000.0,2906.4130210999992,3424256,15.42764663696289,14760,0.021468955592105262,0.2,-0.001014521708221812,6.614656e-05,1.0819764647044634,0.14072543382644653,0.8921074867248535,40.843882264589006,0.0037663712,,
1085,89,3190,1981.19,2888.41602867,3463168,24.01529884338379,14770,0.026891447368421053,0.2,-0.0012376904158277046,6.575744e-05,1.088365141498415,0.14014309644699097,0.9013049006462097,41.977587785218894,0.0033212504,,
,,,,,3499762,21.812618255615234,14780,0.023008326480263158,0.2,-0.000977178736540832,6.536832000000001e-05,1.094764353413331,0.13981521129608154,0.894859790802002,53.91263270503596,0.0035649417,3222.3091821999997,2000.0
1117,90,3134,1981.19,2888.1843789299996,3502080,,,,,,,,,,,,,
1124,91,3149,1981.19,2871.74098604,3540992,22.18745231628418,14790,0.024735300164473683,0.2,-0.0007740240761593573,6.497919999999999e-05,1.1003573491385108,0.13949033617973328,0.9038082361221313,37.578435158729555,0.0032606919,,
1131,92,3164,1962.87,2866.0934360900005,3579904,8.394526481628418,14800,0.03214432565789474,0.2,-0.0009412483466899415,6.459008e-05,1.0961689316912702,0.14028282463550568,0.9084441661834717,37.910300658878526,0.0037369148,,
1138,93,3179,1920.86,2802.6765146800003,3618816,12.7795991897583,14810,0.01991159539473684,0.2,-0.0009015351538485113,6.420096e-05,1.0945003907931479,0.13979369401931763,0.920074462890625,46.236711461920486,0.003229661,,
1145,94,3192,1921.65,2818.8343550199997,3657728,21.098230361938477,14820,0.030291426809210525,0.2,-0.0013587236821829146,6.381184e-05,1.0953986340447477,0.14001533389091492,0.9276896119117737,44.298140335083005,0.0037746786,,
1153,95,3205,1902.82,2828.8855785399996,3696640,17.59145164489746,14830,0.04011358963815789,0.2,-0.00196048665016669,6.342272e-05,1.0920922950694436,0.14036297798156738,0.922133207321167,42.27057856258593,0.0041932277,,
1160,96,3218,1902.82,2819.220375530001,3735552,16.322242736816406,14840,0.021905838815789475,0.2,-0.0009552575517629616,6.30336e-05,1.0862257581008108,0.14072465896606445,0.9097625017166138,45.123654329149346,0.003026463,,
,,,,,3749745,15.491868019104004,14850,0.03055869654605263,0.2,-0.0010342344889833935,6.264448000000001e-05,1.082143330260327,0.14096173644065857,0.8979247212409973,40.70805514862663,0.0041187196,3205.9094266499997,2000.0
1191,97,3168,1921.14,2821.46434768,3774464,,,,,,,,,,,,,
1198,98,3182,1963.15,2898.5835676500005,3813376,21.852577209472656,14860,0.025570518092105265,0.2,-0.0005225245704519023,6.225536e-05,1.0812985660214174,0.14086250960826874,0.8991193771362305,45.323426517687345,0.0033407148,,
1205,99,3195,1970.95,2887.789057979999,3852288,22.55010986328125,14870,0.033642578125,0.2,-0.0013857275004020746,6.186624000000001e-05,1.0798611921699424,0.14116623997688293,0.9090279340744019,45.44973725896133,0.0042058364,,
1212,100,3208,1989.78,2898.2175956700003,3891200,10.339173316955566,14880,0.028443667763157893,0.2,-0.001235939255505065,6.147712000000002e-05,1.072018195924006,0.1419881284236908,0.9194640517234802,41.21843079516762,0.0039387206,,
1219,101,3222,1989.78,2911.7314443699997,3930112,23.031478881835938,14890,0.02528525904605263,0.2,-0.001409505872824842,6.1088e-05,1.0661049748721876,0.14204701781272888,0.9248690605163574,33.35107109295694,0.0035649205,,
1226,102,3234,1971.32,2891.5290051800002,3969024,17.039125442504883,14900,0.030111533717105263,0.2,-0.0016089002116227915,6.069888e-05,1.0710068069006267,0.14139454066753387,0.9029148817062378,34.9383204460144,0.0039886297,,
,,,,,3999728,9.071329116821289,14910,0.029070723684210525,0.2,-0.0016591193465405683,6.030976000000001e-05,1.0781480237057335,0.14099372923374176,0.9097525477409363,42.6325599846087,0.0038070302,3255.7617610499997,2000.0
1257,103,3186,1971.32,2890.33141817,4007936,,,,,,,,,,,,,
1264,104,3199,1981.54,2914.88489494,4046848,16.094181060791016,14920,0.02896535773026316,0.2,-0.0006332448136833447,5.992063999999999e-05,1.0812730153924541,0.14084337651729584,0.9050432443618774,42.85696427194696,0.003433777,,
1271,105,3212,1973.71,2921.30009128,4085760,10.727799415588379,14930,0.034467516447368424,0.2,-0.001262122888491783,5.953152e-05,1.077872861372797,0.14140692353248596,0.8974302411079407,31.491825992182683,0.0035613112,,
1278,106,3225,1973.71,2918.8113048,4124672,30.739471435546875,14940,0.01826428865131579,0.2,-0.0004779074097505624,5.91424e-05,1.0728983709686681,0.14156684279441833,0.9042890071868896,53.74644995488619,0.0027191557,,
1286,107,3236,1992.17,2926.41612188,4163584,16.288700103759766,14950,0.023473478618421053,0.2,-0.0008114705607448215,5.875328e-05,1.0712571928375645,0.14171728491783142,0.9222410917282104,47.81887175660384,0.0031259737,,
1293,108,3248,1992.17,2969.78418369,4202496,12.964366912841797,14960,0.03824784128289474,0.2,-0.0012960486879915391,5.836416e-05,1.0732492059469223,0.14139199256896973,0.9195616245269775,39.33846063111958,0.004089007,,
1301,109,3259,1974.0,2926.8976426699996,4241408,21.754487991333008,14970,0.030754009046052633,0.2,-0.0013704601448568466,5.797504e-05,1.0770590913923164,0.14122292399406433,0.9156279563903809,32.88633989785847,0.0033881138,,
,,,,,4249711,23.19967269897461,14980,0.025935444078947368,0.2,-0.0015090282949753791,5.758592e-05,1.078396844550183,0.14107857644557953,0.932452917098999,38.230513004252785,0.0034355402,3281.4390459999995,2000.0
1331,110,3213,1981.83,2904.7551500899995,4280320,,,,,,,,,,,,,
1339,111,3223,1962.82,2853.2226420599995,4319232,16.705520629882812,14990,0.03091591282894737,0.2,-0.001754907765701462,5.719680000000001e-05,1.0808314191667656,0.14084240794181824,0.9025672674179077,52.515461941769246,0.0040682773,,
1347,112,3234,1962.82,2874.96110776,4358144,13.339435577392578,15000,0.028595291940789472,0.2,-0.001388762031350971,5.680768000000001e-05,1.0804514925730855,0.14112992584705353,0.9194377064704895,47.48937883879009,0.0035833316,,
1354,113,3245,1962.82,2824.3847596,4397056,30.995187759399414,15010,0.024195620888157895,0.2,-0.0008733792129389353,5.6418560000000006e-05,1.0810452538101296,0.14077848196029663,0.9067772030830383,36.83307650967648,0.0032145062,,
1361,114,3257,1956.41,2810.2346517199994,4435968,19.793289184570312,15020,0.030517578125,0.2,-0.0013060294962135804,5.602944000000001e-05,1.0774013233812232,0.14157859981060028,0.9123126864433289,43.393290113147934,0.003568265,,
1368,115,3268,1941.8,2815.6977171999997,4474880,14.577312469482422,15030,0.021610300164473684,0.2,-0.0012507329598424564,5.5640320000000005e-05,1.0800740193379552,0.14042454957962036,0.9211302399635315,40.95587275028229,0.0033877909,,
,,,,,4499694,23.355981826782227,15040,0.02393092105263158,0.2,-0.0011897841018109925,5.5251200000000004e-05,1.0887108660057971,0.1403982937335968,0.9351654052734375,33.36845572120265,0.0035927468,3210.54331295,2000.0
1402,116,3218,1930.1,2810.41900015,4513792,,,,,,,,,,,,,
1420,117,3205,1911.28,2773.30225817,4552704,7.872132301330566,15050,0.02348889802631579,0.2,-0.0015276586443130663,5.486208e-05,1.0866969383076617,0.14055639505386353,0.9469735026359558,32.57565341748689,0.0026685433,,
1427,118,3216,1892.45,2730.2454403099996,4591616,19.91927146911621,15060,0.03255293996710526,0.2,-0.00193460040318314,5.4472959999999996e-05,1.082456004462744,0.1410643756389618,0.9080981016159058,42.07194824720684,0.004204343,,
1434,119,3227,1843.89,2679.7519230599996,4630528,11.996757507324219,15070,0.02953587582236842,0.2,-0.0016432651813374833,5.4083839999999995e-05,1.0789194386256369,0.14107972383499146,0.9301645159721375,31.13839049213811,0.0036778953,,
1441,120,3238,1858.5,2708.13174542,4669440,11.232784271240234,15080,0.022291324013157896,0.2,-0.0015938869639189521,5.369472e-05,1.0787537646921057,0.1411634087562561,0.9508427977561951,31.14945911231794,0.003502214,,
1448,121,3249,1870.74,2700.1541254599992,4708352,34.33817672729492,15090,0.025223581414473683,0.2,-0.001461713247638392,5.33056e-05,1.0800328133921875,0.14088165760040283,0.9008215069770813,51.123272562026976,0.0033670967,,
1455,122,3260,1889.56,2760.09856155,4747264,7.896607398986816,15100,0.025768400493421054,0.2,-0.001426701645725284,5.291648e-05,1.0866059673459907,0.14025133848190308,0.934814453125,32.78703081733302,0.0033287618,,
,,,,,4749677,8.294569969177246,15110,0.028541324013157895,0.2,-0.0016582641680112206,5.2527360000000005e-05,1.0957468457912143,0.13967359066009521,0.9093369841575623,41.34864399182169,0.0034400076,3221.7332009499996,2000.0
1523,123,3140,1889.88,2768.37495739,4786176,,,,,,,,,,,,,
1552,124,3107,1925.97,2779.08410734,4825088,24.369558334350586,15120,0.026426295230263158,0.2,-0.0014315731542362635,5.2138240000000004e-05,1.1011545830651333,0.13937678933143616,0.9164876937866211,54.25498160563017,0.0036665977,,
1580,125,3077,1944.73,2815.7236322500003,4864000,13.530343055725098,15130,0.026038240131578946,0.2,-0.0012321589057376658,5.1749120000000004e-05,1.1010402342206553,0.13965386152267456,0.9356210231781006,43.247969476800215,0.0033129493,,
1609,126,3047,1963.2,2889.70762553,4902912,12.848159790039062,15140,0.02323447779605263,0.2,-0.0010521426618460713,5.136000000000001e-05,1.1010318073787186,0.13939939439296722,0.9162929654121399,32.281299943672984,0.0024331864,,
1636,127,3019,1963.2,2877.0936291600005,4941824,15.197428703308105,15150,0.02890368009868421,0.2,-0.0013268548985682796,5.097088000000001e-05,1.1065484305745676,0.13897770643234253,0.9068875312805176,34.70342273461191,0.0040668603,,
1664,128,2992,1981.71,2907.9514382600005,4980736,7.622745037078857,15160,0.018428762335526316,0.2,-0.0011820442007247996,5.058176e-05,1.105753165169766,0.139461487531662,0.9210523366928101,37.050846053424635,0.002803559,,
,,,,,4999660,23.417036056518555,15170,0.022347861842105264,0.2,-0.0010307546022599319,5.019264e-05,1.0990139271083632,0.13993102312088013,0.9049224853515625,40.99793530890816,0.003464656,3220.5929149999997,2000.0
1756,129,2857,2000.0,2965.7093419000007,5019648,,,,,,,,,,,,,
1785,130,2832,2000.0,2953.8759322800006,5058560,42.35761642456055,15180,0.026251541940789474,0.2,-0.0012321176270856276,4.9803520000000007e-05,1.097588501792205,0.13960638642311096,0.9231321215629578,46.909110661556845,0.0038846273,,
1809,131,2816,2000.0,2924.978646910001,5097472,23.869531631469727,15190,0.026123046875,0.2,-0.0009898339551383335,4.9414400000000006e-05,1.1011072538400952,0.13949793577194214,0.8840247392654419,49.963092304530896,0.0028116966,,
1817,132,2826,2000.0,2924.75737907,5136384,29.02796173095703,15200,0.025403474506578948,0.2,-0.0011657250729561048,4.9025280000000005e-05,1.1008694728738384,0.13961538672447205,0.9020777940750122,44.5992525100708,0.003617958,,
1823,133,2837,2000.0,2906.1858569999995,5175296,30.923152923583984,15210,0.02734375,0.2,-0.0012215486144046544,4.863616e-05,1.0983711066998934,0.13980041444301605,0.9091348648071289,44.75733194100229,0.003525361,,
1829,134,2849,2000.0,2891.224462229999,5214208,22.21155548095703,15220,0.026593338815789475,0.2,-0.0017991616337033184,4.824704e-05,1.0970447832032253,0.1399034708738327,0.9029990434646606,50.23505350414075,0.003693298,,
,,,,,5249643,16.764753341674805,15230,0.024791837993421054,0.2,-0.0012908663063794128,4.785792e-05,1.098019962561758,0.13958171010017395,0.8946189880371094,45.21118964396025,0.0033380114,3202.72975435,2000.0
1856,135,2828,2000.0,2873.1756844999995,5253120,,,,,,,,,,,,,
1863,136,2839,2000.0,2901.8223725300004,5292032,11.346159934997559,15240,0.027842310855263157,0.2,-0.0013944302164753408,4.74688e-05,1.0998413537677965,0.13964098691940308,0.9184468388557434,30.805511385516116,0.0031864934,,
1870,137,2849,2000.0,2863.36114534,5330944,21.177316665649414,15250,0.023601973684210527,0.2,-0.0014805287061455219,4.707968e-05,1.0997365091976365,0.13962936401367188,0.8937572240829468,49.38876691617464,0.0034514163,,
1878,138,2859,1966.89,2824.82480402,5369856,12.841974258422852,15260,0.020204564144736842,0.2,-0.0012371909234053945,4.669056000000001e-05,1.103389733088644,0.13921037316322327,0.9190717339515686,38.05330092028568,0.0033149829,,
1885,139,2868,1966.89,2840.4008611200006,5408768,17.860694885253906,15270,0.030085834703947368,0.2,-0.0016668783853866012,4.6301440000000006e-05,1.103610106518394,0.1395397186279297,0.9302811622619629,41.88183278410058,0.0038214342,,
1892,140,2878,1966.89,2846.7164436299995,5447680,28.82727813720703,15280,0.013941714638157895,0.2,-0.0007992735962034203,4.591232e-05,1.1009235601676137,0.13953618705272675,0.8777193427085876,47.7957624661295,0.0027590897,,
1900,141,2887,1966.89,2862.5758774099995,5486592,9.564927101135254,15290,0.02945106907894737,0.2,-0.001254348519203057,4.55232e-05,1.0983136686839556,0.1399216204881668,0.9203300476074219,37.231606836068,0.0035525404,,
,,,,,5499626,8.579384803771973,15300,0.018683182565789474,0.2,-0.0010960319454744948,4.5134080000000004e-05,1.0955326517945843,0.13997632265090942,0.8994550704956055,34.922014589058726,0.0028154487,3232.2182503500003,2000.0
1930,142,2862,1966.89,2891.2199800399994,5525504,,,,,,,,,,,,,
1936,143,2872,1974.6,2909.6440557800006,5564416,19.6414737701416,15310,0.017899362664473683,0.2,-0.0007739164241540589,4.474496e-05,1.09441866482559,0.14006555080413818,0.9034727811813354,40.66041568078493,0.0024741536,,
1943,144,2882,1974.6,2934.1302622,5603328,31.690711975097656,15320,0.019210012335526317,0.2,-0.0007670621625086489,4.435584e-05,1.0935886693628212,0.14006726443767548,0.9299108386039734,38.15236539338765,0.0025285182,,
1950,145,2892,1919.99,2866.12727915,5642240,11.788460731506348,15330,0.024825246710526317,0.2,-0.0009536530519222939,4.396672000000001e-05,1.0941064418930757,0.14007119834423065,0.9060891270637512,38.62082496567776,0.0027599402,,
1957,146,2902,1919.99,2865.33480083,5681152,40.172515869140625,15340,0.026441714638157896,0.2,-0.001244714855688232,4.357760000000001e-05,1.0952563714039953,0.13987815380096436,0.9337074756622314,41.28258030916515,0.0033565054,,
1964,147,2911,1919.99,2861.6849109600003,5720064,14.39410400390625,15350,0.025956003289473683,0.2,-0.0015017545108046188,4.318848e-05,1.0983419316379648,0.1396438479423523,0.9266889691352844,33.45779046761362,0.0035389508,,
,,,,,5749609,23.079689025878906,15360,0.017128392269736843,0.2,-0.0007642532903302804,4.279936e-05,1.09918654278705,0.13979452848434448,0.9152795672416687,46.83817872499165,0.0030380269,3242.4116788499996,2000.0
1995,148,2886,1927.81,2858.46549911,5758976,,,,,,,,,,,,,
2003,149,2894,1913.58,2800.6508506299992,5797888,30.41379165649414,15370,0.01762952302631579,0.2,-0.0009032643052035526,4.241024e-05,1.0978497478522753,0.13980776071548462,0.9149434566497803,56.0090789945502,0.0025381253,,
2011,150,2901,1950.08,2846.49522344,5836800,8.583207130432129,15380,0.026385176809210525,0.2,-0.0013642192642835556,4.2021120000000005e-05,1.0979699470494924,0.13973121345043182,0.9193161129951477,44.63070797167326,0.0035334178,,
2019,151,2910,1950.08,2851.22406319,5875712,26.726295471191406,15390,0.02222193667763158,0.2,-0.001328518827320199,4.1632000000000004e-05,1.0996877124435023,0.13962870836257935,0.9122538566589355,52.82162211568732,0.003284172,,
2026,152,2918,1936.69,2841.8651489099993,5914624,16.534957885742188,15400,0.022895250822368422,0.2,-0.0008551816019462422,4.124288e-05,1.1000646602166326,0.13959383964538574,0.9221205115318298,26.672229390395316,0.0038536426,,
2033,153,2927,1954.27,2899.666191420001,5953536,22.710817337036133,15410,0.024336965460526317,0.2,-0.0013665438742272702,4.0853759999999996e-05,1.1007215579873637,0.13958844542503357,0.9290004372596741,39.855566915712856,0.0031592513,,
2041,154,2935,1967.87,2923.67690666,5992448,17.336462020874023,15420,0.021872430098684212,0.2,-0.0012316774565414035,4.0464639999999995e-05,1.1039670498747574,0.13920281827449799,0.9378431439399719,28.02337414089002,0.0033543706,,
,,,,,5999592,29.603206634521484,15430,0.02134560032894737,0.2,-0.001454531655671369,4.007552e-05,1.1063947418802662,0.13915172219276428,0.9068700075149536,55.26751376955133,0.0033546702,3229.21924775,2000.0
2070,155,2913,1967.12,2932.2978513499997,6031360,,,,,,,,,,,,,
2076,156,2923,1967.12,2884.6313871200005,6070272,15.128694534301758,15440,0.024588815789473684,0.2,-0.0013712837357735751,3.96864e-05,1.109105214790294,0.1388227790594101,0.9335861206054688,40.631048996824966,0.003878245,,
2082,157,2933,1980.51,2881.32864991,6109184,38.234657287597656,15450,0.017159231085526316,0.2,-0.001047921601581804,3.9297280000000006e-05,1.110757876854194,0.13889102637767792,0.9038065075874329,58.829639635587995,0.0026658853,,
2088,158,2943,1969.08,2822.2591371299995,6148096,22.625234603881836,15460,0.019793379934210525,0.2,-0.001339114636127641,3.8908160000000005e-05,1.1135130237591895,0.13846474885940552,0.9068881869316101,48.71674125320033,0.0034359489,,
2094,159,2954,1940.13,2771.2981848300005,6187008,16.540775299072266,15470,0.025537109375,0.2,-0.0010426496024209834,3.8519040000000004e-05,1.1154950102693155,0.13864457607269287,0.9217221140861511,50.144945213669224,0.003396764,,
2100,160,2964,1958.99,2801.34163863,6225920,15.337329864501953,15480,0.026801500822368422,0.2,-0.0015227323277749267,3.812992e-05,1.1157343284079904,0.13838163018226624,0.9244031310081482,49.75353495447259,0.0037940638,,
,,,,,6249575,47.676265716552734,15490,0.02275133634868421,0.2,-0.0016095911371705465,3.7740799999999996e-05,1.118017972613636,0.13834205269813538,0.9042829871177673,48.37641499669928,0.0037839962,3273.5232454,2000.0
2130,161,2940,1953.47,2829.42569494,6264832,,,,,,,,,,,,,
2137,162,2948,1953.47,2862.61485309,6303744,12.308416366577148,15500,0.017233758223684212,0.2,-0.0008774112053001054,3.735168e-05,1.1143765734998803,0.13882605731487274,0.9241094589233398,42.80905323028564,0.0027727243,,
2145,163,2956,1954.54,2872.4350617100004,6342656,25.781522750854492,15510,0.029944490131578946,0.2,-0.001957279884127753,3.696256e-05,1.113361596904303,0.13864561915397644,0.9090915322303772,44.18750338177932,0.0041006813,,
2153,164,2963,1984.12,2915.3699998300003,6381568,18.392683029174805,15520,0.023180509868421052,0.2,-0.0011375931640749944,3.657344e-05,1.113667429120917,0.13873541355133057,0.9239311218261719,44.675064705547534,0.003428514,,
2160,165,2971,1984.12,2948.27168006,6420480,16.183855056762695,15530,0.018701171875,0.2,-0.0006633420565202342,3.618432000000001e-05,1.11229700524556,0.13881465792655945,0.9233592748641968,38.232969439029695,0.0028526778,,
2168,166,2979,1976.89,2908.3169885000007,6459392,16.633499145507812,15540,0.026195004111842106,0.2,-0.0013028818757064935,3.5795200000000006e-05,1.1084138291446786,0.13926807045936584,0.9245412349700928,34.173322565932025,0.003462141,,
2176,167,2985,1960.21,2874.5510235,6498304,20.238346099853516,15550,0.01675575657894737,0.2,-0.0011988579822508128,3.540608e-05,1.1046592232428099,0.13933411240577698,0.917108416557312,58.655525965439644,0.002988328,,
,,,,,6499558,23.108844757080078,15560,0.01947985197368421,0.2,-0.0010359026729067984,3.501696e-05,1.1029358832459701,0.13944679498672485,0.9369150400161743,35.815357224564806,0.00334636,3276.7509978999997,2000.0
2207,168,2960,1970.57,2897.83889348,6537216,,,,,,,,,,,,,
2215,169,2968,1934.56,2814.5741899699997,6576128,19.159896850585938,15570,0.01748817845394737,0.2,-0.001285150766335918,3.4627840000000004e-05,1.102860460783306,0.13942661881446838,0.9133798480033875,61.51509360765156,0.0025710333,,
2222,170,2976,1916.8,2788.546084479999,6615040,13.715903282165527,15580,0.015591591282894737,0.2,-0.0008521491739022742,3.423872e-05,1.1007143517858105,0.13974007964134216,0.9338740706443787,46.54034657603816,0.0030275611,,
2229,171,2984,1924.03,2800.5107447499995,6653952,14.52980899810791,15590,0.026351768092105262,0.2,-0.001510121476664943,3.38496e-05,1.10200411802844,0.13926050066947937,0.9275081157684326,37.74116114064267,0.0028860501,,
2236,172,2992,1935.42,2827.6369099800004,6692864,25.36969757080078,15600,0.019803659539473686,0.2,-0.0011827726172908258,3.346048000000001e-05,1.1055995985081322,0.13918617367744446,0.9247446656227112,36.39362260918868,0.002686315,,
2243,173,3000,1935.42,2819.63738457,6731776,22.362728118896484,15610,0.017020456414473684,0.2,-0.0012792260415153578,3.307136000000001e-05,1.106310727094349,0.1391654908657074,0.9243437647819519,54.636686606156196,0.0029319124,,
,,,,,6749541,10.4558687210083,15620,0.021646278782894737,0.2,-0.00103577151925205,3.268224e-05,1.1073570802023536,0.13905930519104004,0.8987640142440796,38.77214686996059,0.0036350333,3279.6024484,2000.0
2273,174,2977,1952.66,2896.26590047,6770688,,,,,,,,,,,,,
2281,175,2985,1970.42,2895.22263233,6809600,13.435202598571777,15630,0.02012746710526316,0.2,-0.001383529848949126,3.229312e-05,1.109149938978647,0.1389484405517578,0.9098029136657715,38.33401512095803,0.003145589,,
2288,176,2992,1970.42,2897.13762382,6848512,22.77927017211914,15640,0.02475328947368421,0.2,-0.0009808348690153491,3.1904e-05,1.1079270656171598,0.13916650414466858,0.8869669437408447,55.607439314691646,0.0042275707,,
2295,177,3000,1981.23,2923.2717688400007,6887424,14.587535858154297,15650,0.01597193667763158,0.2,-0.0008140755271980245,3.1514880000000004e-05,1.1044231927708577,0.1394471526145935,0.9139404892921448,44.002616879814546,0.0028379697,,
2302,178,3008,1981.23,2919.3154870500002,6926336,18.46101951599121,15660,0.01503649259868421,0.2,-0.0008858695191233174,3.112576e-05,1.1015467228073823,0.13958948850631714,0.9033451676368713,44.61590032953965,0.0030571055,,
2309,179,3015,2000.0,2963.2883723200002,6965248,26.223867416381836,15670,0.012569387335526316,0.2,-0.0009943939242236268,3.073664e-05,1.0977859286885512,0.13990095257759094,0.888685941696167,49.632897095931206,0.002731414,,
,,,,,6999524,31.18865394592285,15680,0.027163856907894735,0.2,-0.001442380247968494,3.0347519999999995e-05,1.0954245846522481,0.13999439775943756,0.9167541265487671,40.67572619664042,0.0036275273,3274.5292675,2000.0
2341,180,2991,2000.0,2950.96410323,7004160,,,,,,,,,,,,,
2348,181,2999,2000.0,2976.5361172899998,7043072,21.000513076782227,15690,0.015812602796052632,0.2,-0.0014000657588966485,2.9958399999999998e-05,1.096174354929673,0.1398155838251114,0.8880631327629089,42.82619549851668,0.002856434,,
2355,182,3006,2000.0,2965.69892627,7081984,20.29763412475586,15700,0.018778268914473685,0.2,-0.0010638262932556436,2.956928e-05,1.095351026560131,0.14008811116218567,0.9084487557411194,32.85774403245826,0.0024623645,,
2362,183,3014,2000.0,2974.1608748599997,7120896,36.33013153076172,15710,0.012972861842105263,0.2,-0.0006714785006663174,2.918016e-05,1.093994575268344,0.14006896317005157,0.9011482000350952,48.144167207416736,0.0023528133,,
2369,184,3021,2000.0,2957.2591684100007,7159808,8.05694580078125,15720,0.01786595394736842,0.2,-0.0011467877508900865,2.8791040000000002e-05,1.0950758662663007,0.13992992043495178,0.9056846499443054,37.99515987571917,0.002873446,,
2376,185,3028,2000.0,2967.2643288500008,7198720,18.676708221435547,15730,0.01689453125,0.2,-0.0010890749183569202,2.8401920000000005e-05,1.096534851663991,0.13983508944511414,0.8900388479232788,51.053001366163556,0.003493665,,
2383,186,3035,2000.0,2954.0521069600004,7237632,12.617292404174805,15740,0.020255962171052633,0.2,-0.0018706700220814368,2.8012800000000007e-05,1.098472196491141,0.1397126019001007,0.9230746626853943,32.078656174007214,0.002580155,,
,,,,,7249507,19.316957473754883,15750,0.015152138157894736,0.2,-0.0008765543364509205,2.7623679999999996e-05,1.1010506661314714,0.13951408863067627,0.9189750552177429,39.185624420015436,0.002973445,3247.5197421999997,2000.0
2416,187,3010,1980.98,2917.2735798900003,7276544,,,,,,,,,,,,,
2424,188,3017,1980.98,2939.0174376499995,7315456,18.286911010742188,15760,0.021204255756578947,0.2,-0.001560867365945964,2.723456e-05,1.1016569799498508,0.13960298895835876,0.9005818963050842,52.37421880395789,0.0030897523,,
2431,189,3024,1980.98,2931.7640965099995,7354368,20.699451446533203,15770,0.013677014802631579,0.2,-0.0009008899893256297,2.6845439999999998e-05,1.1013606046375475,0.1395207643508911,0.9082980751991272,46.12965841795269,0.0022177962,,
2438,190,3031,1967.81,2859.9033111,7393280,37.234718322753906,15780,0.021569181743421054,0.2,-0.0009873888156634119,2.645632e-05,1.1019243759544273,0.13954800367355347,0.9149649143218994,53.91592045332256,0.0033165487,,
2446,191,3038,1967.81,2858.9303367499997,7432192,32.18830490112305,15790,0.0130859375,0.2,-0.0011578419273351565,2.6067200000000003e-05,1.1019958111800645,0.1395190954208374,0.9244434833526611,58.03298815175107,0.0026958024,,
2453,192,3044,1986.83,2884.3331460599993,7471104,25.2821044921875,15800,0.013584498355263158,0.2,-0.0010368833696702494,2.5678080000000003e-05,1.1033129695214723,0.13937050104141235,0.9127023220062256,41.457812991895175,0.0025150038,,
,,,,,7499490,16.91402816772461,15810,0.01493883634868421,0.2,-0.0008533114125480336,2.5288960000000005e-05,1.10372663940254,0.13947567343711853,0.9152626395225525,47.70839502309498,0.0028167837,3245.5852296,2000.0
2488,193,3018,1986.83,2857.4630786999996,7510016,,,,,,,,,,,,,
2495,194,3025,1968.62,2806.9158885300003,7548928,40.192161560058594,15820,0.016054173519736842,0.2,-0.0011246819624303546,2.4899839999999998e-05,1.101596146508267,0.13967426121234894,0.9005608558654785,45.49465542968951,0.0031158605,,
2502,195,3031,1981.79,2864.2356566599997,7587840,27.46141242980957,15830,0.021163137335526317,0.2,-0.0013013490764071894,2.4510719999999997e-05,1.1000044695640865,0.1396799087524414,0.9131163358688354,51.319200440456996,0.002921492,,
2510,196,3038,1981.79,2878.12870357,7626752,24.016069412231445,15840,0.010708778782894737,0.2,-0.001041318613141285,2.41216e-05,1.1008669360687857,0.13960275053977966,0.9188036918640137,47.2341820465891,0.0024836224,,
2517,197,3045,1981.79,2865.8927795599993,7665664,10.276387214660645,15850,0.021186266447368422,0.2,-0.0012322127318169038,2.3732480000000002e-05,1.0990788999356722,0.13990315794944763,0.9198110103607178,44.715630178702504,0.003896222,,
2524,198,3051,1981.79,2881.1571181199997,7704576,19.56130027770996,15860,0.024252158717105263,0.2,-0.0014975112945601148,2.334336e-05,1.095702039254339,0.14006713032722473,0.8921565413475037,43.91960401786001,0.003849208,,
2531,199,3058,1987.8,2899.7160087800003,7743488,15.288861274719238,15870,0.020153166118421054,0.2,-0.0011878511064232474,2.2954240000000004e-05,1.096363936443078,0.13982415199279785,0.8948889970779419,36.026369719756275,0.0030174232,,
,,,,,7749473,45.142642974853516,15880,0.016771175986842104,0.2,-0.0014047432826421419,2.2565120000000007e-05,1.0972102453834132,0.13991355895996094,0.9009760022163391,56.30049016852128,0.0026308373,3253.6204519499997,2000.0
2562,200,3036,1987.8,2903.23337954,7782400,,,,,,,,,,,,,
2569,201,3043,1987.8,2892.7881445699995,7821312,16.720312118530273,15890,0.01508532072368421,0.2,-0.0009445510761763313,2.2175999999999996e-05,1.0957351304982839,0.140030175447464,0.9132226705551147,39.98688100262692,0.0038891125,,
2577,202,3049,1987.8,2905.898219060001,7860224,21.61184310913086,15900,0.01645250822368421,0.2,-0.0010617433267486234,2.178688e-05,1.0956726094609812,0.13997167348861694,0.9068899154663086,43.455254768070425,0.0022158704,,
2584,203,3056,1971.99,2903.55230104,7899136,21.579042434692383,15910,0.014956825657894737,0.2,-0.0011476828958716637,2.139776e-05,1.094840110759986,0.1400960385799408,0.9215837121009827,30.130786966022693,0.0026183194,,
2591,204,3062,1965.16,2896.927015239999,7938048,20.060556411743164,15920,0.012857216282894737,0.2,-0.0009982019860456746,2.100864e-05,1.0943714717501087,0.1400643140077591,0.9251781105995178,48.27832042919962,0.00258214,,
2598,205,3069,1952.91,2891.1676746700005,7976960,24.901418685913086,15930,0.01328381990131579,0.2,-0.0009212768112009048,2.0619520000000003e-05,1.095916991171084,0.13989993929862976,0.9114035964012146,44.86072353940261,0.0027124577,,
,,,,,7999456,30.057527542114258,15940,0.013073087993421053,0.2,-0.001119111653794167,2.0230400000000005e-05,1.0969277039954537,0.13989603519439697,0.9110497236251831,51.38895894602725,0.0031092393,3281.7742878500003,2000.0
2632,206,3044,1952.91,2885.80492993,8015872,,,,,,,,,,,,,
2640,207,3050,1952.91,2845.38384478,8054784,16.498825073242188,15950,0.01093493009868421,0.2,-0.0007157627700699346,1.9841279999999994e-05,1.0960790085165124,0.14001217484474182,0.9210058450698853,43.37790114377675,0.0020734523,,
2648,208,3056,1968.72,2865.9008070699992,8093696,32.77601623535156,15960,0.011094263980263157,0.2,-0.0006608201094327102,1.9452159999999997e-05,1.0949091908178832,0.14003434777259827,0.9092716574668884,59.19524843567296,0.0021810501,,
2655,209,3062,1987.75,2878.7277916100006,8132608,22.139083862304688,15970,0.007727693256578947,0.2,-0.000575970752719226,1.906304e-05,1.0930450638658122,0.14029359817504883,0.9244288206100464,51.97744679450989,0.0019576743,,
2663,210,3068,2000.0,2876.090852489999,8171520,16.76624298095703,15980,0.013856907894736842,0.2,-0.0010588410915500534,1.867392e-05,1.092289919288535,0.14011546969413757,0.9203235507011414,44.67735572865135,0.0028201137,,
2671,211,3073,2000.0,2863.6047478299997,8210432,18.769989013671875,15990,0.015658408717105263,0.2,-0.00111308462755436,1.82848e-05,1.091574781505685,0.14042368531227112,0.8956876993179321,54.2947618409207,0.0028147763,,
2679,212,3078,2000.0,2881.68777803,8249344,29.867372512817383,16000,0.009747635690789474,0.2,-0.0009422706615480006,1.7895680000000004e-05,1.0888466927566027,0.14047294855117798,0.9128088355064392,46.92405396637164,0.0028048872,,
,,,,,8249439,18.126811981201172,16010,0.016349712171052633,0.2,-0.0009804804732802472,1.7506560000000007e-05,1.08720052022683,0.1406816989183426,0.8885730504989624,52.04947334088777,0.0028654512,3311.89416595,2000.0
2712,213,3055,1981.37,2856.34802104,8288256,,,,,,,,,,,,,
2720,214,3061,1981.37,2877.185231560001,8327168,29.982934951782227,16020,0.014740953947368421,0.2,-0.0012489239676046725,1.7117439999999996e-05,1.0856193515815233,0.14068499207496643,0.9329864978790283,38.0942896027314,0.0026571918,,
2727,215,3066,1981.37,2870.79519964,8366080,40.654232025146484,16030,0.0074501439144736845,0.2,-0.0009318514619065497,1.672832e-05,1.0855433427973797,0.14071041345596313,0.9185604453086853,49.29811488954645,0.0024536054,,
2736,216,3071,1945.05,2840.9884193300004,8404992,12.573617935180664,16040,0.013206722861842105,0.2,-0.0012704431122217915,1.6339199999999998e-05,1.0861057530892522,0.14061059057712555,0.9280974864959717,43.96275715451492,0.0026892582,,
2743,217,3077,1945.05,2837.33876949,8443904,26.13578224182129,16050,0.009637129934210526,0.2,-0.0012099083498469554,1.595008e-05,1.0875042239302084,0.14052703976631165,0.9453006386756897,44.52378762521242,0.0023247339,,
2751,218,3083,1946.33,2847.0187475500006,8482816,22.44939613342285,16060,0.018994140625,0.2,-0.001528272726251376,1.5560960000000003e-05,1.0888579017237614,0.1403927206993103,0.9121856689453125,45.33218382283261,0.0030315798,,
,,,,,8499422,19.50663185119629,16070,0.01000719572368421,0.2,-0.001138880663615725,1.5171840000000004e-05,1.089962653737319,0.14037373661994934,0.9474329948425293,46.87830896001113,0.0023564305,3262.3169803000005,2000.0
2785,219,3059,1927.76,2823.5521902400005,8521728,,,,,,,,,,,,,
2793,220,3064,1927.76,2827.0275552000007,8560640,12.202603340148926,16080,0.017105263157894738,0.2,-0.001503564642380776,1.4782720000000005e-05,1.0904395275994352,0.14033687114715576,0.9241653084754944,39.324638948942486,0.0035197122,,
2801,221,3069,1964.08,2855.67810311,8599552,23.567523956298828,16090,0.009531763980263157,0.2,-0.001031428547637341,1.4393599999999995e-05,1.0927325647128256,0.1400212049484253,0.8849670886993408,48.71741122195595,0.0022812556,,
2808,222,3075,1964.08,2857.95959255,8638464,44.481685638427734,16100,0.009755345394736843,0.2,-0.0008040901052912599,1.4004479999999998e-05,1.0951365966545907,0.14001356065273285,0.9012341499328613,62.18449473882976,0.002723085,,
2816,223,3080,1962.73,2869.4129144600006,8677376,21.039159774780273,16110,0.009585731907894737,0.2,-0.0007485543732304665,1.3615359999999999e-05,1.0946388517555437,0.14006076753139496,0.938706636428833,40.42900047176763,0.0027387135,,
2824,224,3086,1962.66,2853.1034772699995,8716288,19.950103759765625,16120,0.012816097861842105,0.2,-0.001091502181263518,1.3226240000000002e-05,1.0940763020201734,0.14009928703308105,0.9173362255096436,42.33701990403627,0.0031327943,,
,,,,,8749405,30.9917049407959,16130,0.01122789884868421,0.2,-0.0011168256150803676,1.2837120000000003e-05,1.0935665129046692,0.14015643298625946,0.8957615494728088,49.56946641144,0.002619914,3269.6249701499996,2000.0
2858,225,3062,1943.66,2808.901238880001,8755200,,,,,,,,,,,,,
2866,226,3068,1943.66,2846.78386961,8794112,28.75591468811035,16140,0.0069541529605263155,0.2,-0.0006939702292009698,1.2448000000000003e-05,1.092602140181943,0.14020408689975739,0.8958110809326172,58.609343348051375,0.002485348,,
2873,227,3073,1927.2,2831.32986843,8833024,24.84408187866211,16150,0.021175986842105265,0.2,-0.001345626857686224,1.2058880000000006e-05,1.0922684304024044,0.14019855856895447,0.8974326252937317,42.55507866959823,0.0040597897,,
2881,228,3079,1927.11,2798.2958431800007,8871936,12.465320587158203,16160,0.006183182565789474,0.2,-0.0007987817055484476,1.1669759999999997e-05,1.0911226013773365,0.14039352536201477,0.9289947748184204,53.848850312985874,0.0019137831,,
2888,229,3085,1945.75,2824.7121200200013,8910848,20.130592346191406,16170,0.01142321134868421,0.2,-0.001113085209630969,1.1280639999999998e-05,1.090611796943765,0.14026162028312683,0.9115698337554932,50.500889343964424,0.0024255612,,
2895,230,3090,1964.75,2857.7676322500006,8949760,27.56171989440918,16180,0.01649619654605263,0.2,-0.0012702472592967464,1.0891519999999999e-05,1.0920037785643026,0.14020474255084991,0.8981378078460693,57.6752155228665,0.0029826805,,
2903,231,3096,1964.75,2847.4236309000007,8988672,12.97702407836914,16190,0.013795230263157895,0.2,-0.0011980413729600658,1.0502400000000001e-05,1.0927692792917554,0.1401486098766327,0.8970244526863098,49.95645617183886,0.0029730008,,
,,,,,8999388,15.205127716064453,16200,0.02255088404605263,0.2,-0.001506268250523135,1.0113280000000002e-05,1.0933126708394603,0.14012499153614044,0.8967071771621704,40.03301478938052,0.0038346522,3234.25403695,2000.0
2937,232,3073,1981.21,2887.1410462099993,9027584,,,,,,,,,,,,,
2944,233,3079,2000.0,2916.3701979599996,9066496,12.51767349243164,16210,0.011628803453947368,0.2,-0.0008609343328556094,9.724160000000005e-06,1.0934682511969616,0.1401270627975464,0.8924323916435242,47.48548056953832,0.0026362026,,
2951,234,3084,2000.0,2934.7560763900005,9105408,21.05434799194336,16220,0.007930715460526316,0.2,-0.0007309652477392535,9.335039999999996e-06,1.0930206429017217,0.14018961787223816,0.8806276321411133,46.78030231375443,0.002248278,,
2958,235,3090,2000.0,2935.9215589600003,9144320,12.23549747467041,16230,0.009842722039473685,0.2,-0.001088090578483197,8.945919999999997e-06,1.0934821952330438,0.14005780220031738,0.8981584310531616,32.110709052336844,0.0020664353,,
2965,236,3096,2000.0,2970.4466551899995,9183232,12.005743026733398,16240,0.0036055715460526316,0.2,-0.0006140312016022539,8.556799999999997e-06,1.0952556235225577,0.13994845747947693,0.9058894515037537,30.101586885201304,0.0019892612,,
2972,237,3102,2000.0,2943.2161787299992,9222144,18.520408630371094,16250,0.01166478207236842,0.2,-0.0009297787049466647,8.16768e-06,1.0960940740610423,0.13993656635284424,0.9073700308799744,46.102998864023306,0.0025275536,,
,,,,,9249371,20.926362991333008,16260,0.0036209909539473683,0.2,-0.0005192856704142239,7.778560000000001e-06,1.0968724279027235,0.13984403014183044,0.8901833891868591,37.370573351257725,0.0021080365,3310.7534005499997,2000.0
3005,238,3081,2000.0,2960.2754790999998,9261056,,,,,,,,,,,,,
3012,239,3086,2000.0,2989.77346515,9299968,18.25897216796875,16270,0.01489514802631579,0.2,-0.0013937444067682679,7.389440000000003e-06,1.0976118120707963,0.13984009623527527,0.8878951072692871,47.95197421500557,0.0026147037,,
3020,240,3091,2000.0,2970.76171473,9338880,17.77349090576172,16280,0.010634251644736843,0.2,-0.0009181158948003462,7.0003200000000045e-06,1.0973990804270695,0.13986727595329285,0.927314281463623,38.63618718573922,0.0024974167,,
3027,241,3097,2000.0,2938.7034281300007,9377792,30.427589416503906,16290,0.0011795847039473685,0.2,-0.00029023201917114327,6.611199999999995e-06,1.0975275555723591,0.13981977105140686,0.8933442831039429,50.909586833652696,0.0009790516,,
3035,242,3102,2000.0,2967.6840486700007,9416704,22.299848556518555,16300,0.004805715460526316,0.2,-0.0007367336946404784,6.222079999999997e-06,1.0979199950632297,0.13981148600578308,0.8944435119628906,41.97274332548442,0.0018474823,,
3042,243,3107,2000.0,2938.32233482,9455616,22.17774772644043,16310,0.0029759457236842105,0.2,-0.00039427123954642173,5.832959999999999e-06,1.097841616367039,0.13982409238815308,0.8903254866600037,60.56170392287405,0.0012577183,,
3050,244,3112,2000.0,2931.05833935,9494528,20.073904037475586,16320,0.006920744243421053,0.2,-0.0008714307825644746,5.44384e-06,1.0975575425122914,0.13984975218772888,0.9144498109817505,48.47007035205239,0.002337446,,
,,,,,9499354,16.426464080810547,16330,0.008606599506578947,0.2,-0.000834528833787006,5.0547200000000015e-06,1.0974363628186679,0.13985174894332886,0.9089328646659851,40.746305726703845,0.0021240604,3253.56829715,2000.0
3080,245,3094,2000.0,2932.12792551,9533440,,,,,,,,,,,,,
3087,246,3099,2000.0,2912.22123116,9572352,17.040363311767578,16340,0.006987561677631579,0.2,-0.0008927789061808174,4.665600000000003e-06,1.0972679386013433,0.13988101482391357,0.8878252506256104,55.60840930687754,0.0023578568,,
3094,247,3105,2000.0,2924.939503360001,9611264,11.884279251098633,16350,0.004880242598684211,0.2,-0.000524177679663377,4.276480000000005e-06,1.097288065207632,0.1398411989212036,0.9080994725227356,35.47748068131899,0.002292966,,
3102,248,3110,2000.0,2948.86719512,9650176,28.92639923095703,16360,0.006278268914473684,0.2,-0.0007988978184967939,3.887359999999996e-06,1.0976595241772502,0.13983461260795593,0.9058887362480164,44.847573501185366,0.001695839,,
3109,249,3116,2000.0,2944.578619859999,9689088,27.55132484436035,16370,0.00703125,0.2,-0.0009099177870666609,3.498239999999997e-06,1.0978291866026426,0.1398143470287323,0.8960991501808167,44.69773154635178,0.0023409605,,
3116,250,3121,1981.82,2930.5370357000006,9728000,16.4894962310791,16380,0.0022152549342105265,0.2,-0.0004885394658470575,3.109119999999999e-06,1.0982304438164359,0.13978049159049988,0.923018217086792,29.195947906845493,0.0018276658,,
,,,,,9749337,31.13679313659668,16390,0.0,0.2,-0.0001688866920487367,2.7200000000000002e-06,1.098446809304388,0.13978694379329681,0.9231189489364624,45.06086623668671,0.00022450014,3285.00667075,2000.0
3145,251,3104,1976.1,2919.90497456,9766912,,,,,,,,,,,,,
3152,252,3110,1976.1,2906.6991522699996,9805824,22.479515075683594,16400,0.004597553453947368,0.2,-0.0007173718118697013,2.330880000000002e-06,1.0984630013767043,0.13977402448654175,0.915130078792572,51.02041246765538,0.0018809839,,
3160,253,3115,1976.1,2920.58524843,9844736,32.436832427978516,16410,0.0005525287828947368,0.2,-0.0003808088282025174,1.9417600000000038e-06,1.098526333664593,0.13978269696235657,0.9140005707740784,45.453449519057024,0.0012074548,,
3167,254,3120,1957.24,2845.8885633899995,9883648,18.489225387573242,16420,0.001421155427631579,0.2,-0.0006581852480609852,1.5526400000000053e-06,1.0984866545388574,0.1397777497768402,0.9205055236816406,42.56259425815783,0.0017765429,,
3175,255,3124,1975.42,2860.3517040799993,9922560,33.8180046081543,16430,4.8828125e-05,0.2,-0.00033805314884184076,1.1635199999999956e-06,1.0985045200900028,0.13978040218353271,0.9074479937553406,57.96364364373056,0.0005884825,,
3183,256,3129,1981.14,2867.0313584500004,9961472,27.70494270324707,16440,0.0,0.2,-9.551050239487699e-05,7.743999999999973e-07,1.0984096200842606,0.139791339635849,0.9109742641448975,45.29120810031891,0.00022507254,,
,,,,,9999320,28.318492889404297,16450,0.0,0.2,-2.9014345138995468e-05,3.8527999999999896e-07,1.0982733688856425,0.13979873061180115,0.8895119428634644,53.97831817677147,8.783812e-06,3235.57646465,2000.0
3214,257,3111,1962.34,2819.84550537,10000384,,,,,,,,,,,,,
