rollout/ep_rew_mean,time/time_elapsed,time/total_timesteps,rollout/ep_len_mean,time/iterations,time/fps,train/n_updates,train/loss,train/learning_rate,train/std,train/approx_kl,train/policy_gradient_loss,train/explained_variance,train/value_loss,train/clip_fraction,train/entropy_loss,train/clip_range,eval/mean_ep_length,eval/mean_reward
2784.3471794736847,4,38912,2000.0,1,9054,,,,,,,,,,,,,
2876.461034394737,10,77824,2000.0,2,7563,12360,29.714569091796875,9.961088000000001e-05,0.15194113552570343,0.003765505,-0.00238588216804936,0.8013496994972229,51.05144547914204,0.033056640625,0.9347745017785775,0.2,,
2909.736172280702,16,116736,2000.0,3,7244,12370,25.89334487915039,9.922176e-05,0.15140722692012787,0.0044027586,-0.0016741072160106054,0.8939791321754456,42.986913773888034,0.03036595394736842,0.9345949783921241,0.2,,
2911.48120131579,22,155648,2000.0,4,7059,12380,18.718448638916016,9.883264000000001e-05,0.1514727771282196,0.0038068215,-0.0017675831492708408,0.8851566314697266,42.32798073291779,0.03511770148026316,0.9380599614036711,0.2,,
2906.621429905263,27,194560,2000.0,5,6965,12390,33.28627395629883,9.844352e-05,0.15276388823986053,0.003523507,-0.0017954628252865453,0.8749322891235352,52.51421215659693,0.03919613486842105,0.9278570466919949,0.2,,
2929.13733691,33,233472,2000.0,6,6869,12400,35.98871994018555,9.805440000000001e-05,0.15283998847007751,0.0036616023,-0.001634639486636795,0.8815703988075256,49.55934789306239,0.03249897203947368,0.9193387234681532,0.2,,
,,249983,,,,12410,25.197345733642578,9.766528e-05,0.15215037763118744,0.0038655468,-0.0012686620497046725,0.8796655535697937,50.499576593700205,0.03571905838815789,0.9239513235656839,0.2,2000.0,3350.2577075
2923.25942465,60,272384,1994.63,7,4489,,,,,,,,,,,,,
2917.3941096799995,66,311296,1994.63,8,4666,12420,21.72047233581543,9.727616e-05,0.15223556756973267,0.0044313944,-0.0014996534322180147,0.8944428563117981,51.904148563585785,0.03368883634868421,0.9275670628798636,0.2,,
2918.89395255,72,350208,1994.63,9,4815,12430,19.690330505371094,9.688704000000001e-05,0.15268149971961975,0.0038054131,-0.0014383096064097788,0.8963091373443604,42.818825403012724,0.030592105263157896,0.9237308570428898,0.2,,
2925.4232578,78,389120,1994.63,10,4944,12440,27.509241104125977,9.649792e-05,0.15310898423194885,0.0035246853,-0.001595791894865933,0.9219627976417542,45.14758000624807,0.02743112664473684,0.9186503288777251,0.2,,
2924.2191358699997,84,428032,1994.63,11,5066,12450,33.990718841552734,9.61088e-05,0.1534123718738556,0.0040057693,-0.0020590793627075312,0.8955370187759399,47.05256535630477,0.03876953125,0.9145477091011248,0.2,,
2966.3311550000003,90,466944,2000.0,12,5174,12460,27.771806716918945,9.571968e-05,0.15293826162815094,0.004179936,-0.0011338664676785763,0.8916301727294922,49.813619769246955,0.03406404194078947,0.9150308469408437,0.2,,
,,499966,,,,12470,10.577322006225586,9.533056e-05,0.1522180140018463,0.0049112514,-0.0015096209424020918,0.8597395420074463,44.35723371631221,0.03271227384868421,0.923128902990567,0.2,2000.0,3407.4846217500003
2971.1634113899995,116,505856,2000.0,13,4334,,,,,,,,,,,,,
2981.00732471,122,544768,2000.0,14,4443,12480,20.597496032714844,9.494144e-05,0.15221405029296875,0.003664575,-0.0008316337253506246,0.8759235143661499,42.200937530868934,0.031578947368421054,0.9272732128438197,0.2,,
2979.8398268700007,128,583680,2000.0,15,4536,12490,30.19137191772461,9.455232000000001e-05,0.15240168571472168,0.0038509702,-0.0008783311286702213,0.8731063604354858,53.90114767676906,0.03331877055921053,0.9257562072653519,0.2,,
3034.0678778500005,134,622592,2000.0,16,4626,12500,10.805135726928711,9.416320000000001e-05,0.15171974897384644,0.003463548,-0.0004923757853439862,0.869604229927063,42.602104244734115,0.027963096217105264,0.9295885116646164,0.2,,
3028.97717543,140,661504,2000.0,17,4709,12510,17.419635772705078,9.377408e-05,0.1514364331960678,0.0038409664,-0.0015908935226769628,0.8973357677459717,41.19898547624287,0.03873612253289474,0.9363588463318976,0.2,,
3034.2004901299997,146,700416,2000.0,18,4789,12520,17.914321899414062,9.338496000000001e-05,0.15042197704315186,0.004346512,-0.0012372918278407796,0.8740642070770264,45.167512387978405,0.033614309210526314,0.9463621458724926,0.2,,
3043.22650531,152,739328,2000.0,19,4863,12530,13.569829940795898,9.299584e-05,0.15057212114334106,0.0042904373,-0.0017466001597839702,0.8901389837265015,33.31342879220059,0.03840974506578947,0.9511393757242905,0.2,,
,,749949,,,,12540,30.551618576049805,9.260672e-05,0.14970673620700836,0.00471907,-0.0009410089329130164,0.8764669299125671,51.664382849241555,0.038502261513157894,0.9557252107482207,0.2,2000.0,3438.8064203000004
3082.60096638,178,778240,2000.0,20,4358,,,,,,,,,,,,,
3055.4810972399996,184,817152,2000.0,21,4432,12550,12.141780853271484,9.22176e-05,0.15025079250335693,0.004723431,-0.0012107971179495124,0.8932340741157532,42.520842688962034,0.038756681743421055,0.9565332559378523,0.2,,
3030.90076159,190,856064,2000.0,22,4497,12560,15.225400924682617,9.182848000000001e-05,0.1502576768398285,0.0048396974,-0.0019444097478347095,0.860890805721283,52.799013577009504,0.04419716282894737,0.9528698060073351,0.2,,
3036.15394946,196,894976,2000.0,23,4561,12570,18.292951583862305,9.143936e-05,0.14981719851493835,0.0033182083,-0.0014561928045862403,0.9091694355010986,38.0400227697272,0.034799033717105264,0.9565303840135273,0.2,,
3069.7261604599994,201,933888,2000.0,24,4623,12580,15.98404312133789,9.105024000000001e-05,0.14975635707378387,0.0044407756,-0.0008534878517246781,0.900395393371582,35.75676959690295,0.04723478618421053,0.9585580707380646,0.2,,
3059.0417809899996,207,972800,2000.0,25,4681,12590,34.873619079589844,9.066112e-05,0.14929312467575073,0.0034617255,-0.0002812515238474589,0.8757087588310242,44.715594738408136,0.030702611019736842,0.9628628145707281,0.2,,
,,999932,,,,12600,18.381942749023438,9.0272e-05,0.148675799369812,0.004601534,-0.0008980471767963057,0.8868579268455505,40.115016642369724,0.043256578947368424,0.9691454947779053,0.2,2000.0,3451.10544075
3057.8273059900002,234,1011712,2000.0,26,4317,,,,,,,,,,,,,
3053.24192678,240,1050624,2000.0,27,4361,12610,24.56369400024414,8.988288e-05,0.14812687039375305,0.0043145046,-0.001424011538926463,0.8927030563354492,40.451594588631075,0.03651572779605263,0.9785873488376015,0.2,,
3053.481562990001,247,1089536,2000.0,28,4409,12620,22.513256072998047,8.949376e-05,0.14834097027778625,0.003954057,-0.0017567844539084227,0.8959043622016907,37.11221631953591,0.03825041118421053,0.9811805251397585,0.2,,
3041.2093516799996,253,1128448,2000.0,29,4448,12630,26.46623992919922,8.910464000000001e-05,0.1486634910106659,0.0045222263,-0.0015094106025859027,0.9079409241676331,39.56353565140775,0.04085886101973684,0.9769136791166506,0.2,,
3030.6621891800005,260,1167360,2000.0,30,4481,12640,25.683536529541016,8.871552e-05,0.1482212394475937,0.004414527,-0.0012068810564845702,0.9037911891937256,37.60597900591399,0.036996299342105264,0.978389005127706,0.2,,
3027.70851623,267,1206272,2000.0,31,4514,12650,19.00743293762207,8.832640000000001e-05,0.14762350916862488,0.0041032014,-0.0007769650231287079,0.8541862964630127,45.30044177707873,0.03241416529605263,0.98490235625129,0.2,,
3037.909151760001,273,1245184,2000.0,32,4556,12660,13.281734466552734,8.793728e-05,0.1474364548921585,0.0035527674,-0.0006465423951005122,0.905562162399292,42.37608754634857,0.03119860197368421,0.9902693889643016,0.2,,
,,1249915,,,,12670,14.742023468017578,8.754816000000001e-05,0.14826853573322296,0.0057034395,-0.0010106418866933765,0.9054393172264099,28.939551685985766,0.04196391858552632,0.9840711086204178,0.2,2000.0,3457.22244615
3076.842882039999,299,1284096,2000.0,33,4283,,,,,,,,,,,,,
3092.7162053600005,305,1323008,2000.0,34,4328,12680,12.435317039489746,8.715904e-05,0.14829885959625244,0.0039723553,-0.0012947689404858179,0.8819031715393066,40.38334555249465,0.04226973684210526,0.9798338192858194,0.2,,
3092.5959951600003,311,1361920,2000.0,35,4368,12690,13.636552810668945,8.676992e-05,0.14823859930038452,0.0036019636,-0.0008506170704525798,0.8817428946495056,35.04331372160661,0.030792557565789472,0.9804350419264091,0.2,,
3103.191070680001,317,1400832,2000.0,36,4410,12700,9.194620132446289,8.638080000000001e-05,0.14860010147094727,0.004403879,-0.0019170150320860558,0.8987776637077332,24.930516259293807,0.04056332236842105,0.9781557586632277,0.2,,
3106.1894481900003,323,1439744,2000.0,37,4451,12710,13.768196105957031,8.599168e-05,0.1489483267068863,0.0036214113,-0.0008138475621021108,0.893962562084198,42.9197804024345,0.026927425986842106,0.9725916620932127,0.2,,
3081.3194044500005,329,1478656,2000.0,38,4483,12720,12.96774959564209,8.560256e-05,0.14895623922348022,0.0036525377,-0.00118921724466705,0.8960493803024292,45.639292614083544,0.030129523026315788,0.9716879148232309,0.2,,
,,1499898,,,,12730,27.21479034423828,8.521344e-05,0.14930379390716553,0.003510445,-0.0008771356261843865,0.8659992218017578,43.81052463431107,0.030797697368421053,0.9682445842184518,0.2,2000.0,3477.6115105
3067.8233325499996,356,1517568,2000.0,39,4251,,,,,,,,,,,,,
3046.2448795199994,362,1556480,2000.0,40,4290,12740,20.34108543395996,8.482432e-05,0.14956335723400116,0.0049497327,-0.0017576329553297622,0.8939428925514221,40.687859668229756,0.03952251233552632,0.964414095878601,0.2,,
3037.4180428199998,368,1595392,2000.0,41,4325,12750,15.23990535736084,8.44352e-05,0.14957094192504883,0.0040223836,-0.0014759259618585929,0.8796933889389038,40.26236500112634,0.03642578125,0.9622593560501149,0.2,,
3044.7006373,374,1634304,2000.0,42,4362,12760,14.454509735107422,8.404608000000001e-05,0.14891332387924194,0.0036303047,-0.0010474185172872814,0.8764374256134033,39.910225600945324,0.0357421875,0.9675481166494521,0.2,,
3067.78867946,380,1673216,2000.0,43,4397,12770,24.21816062927246,8.365696000000001e-05,0.14851954579353333,0.0035033282,-0.0008089869938741781,0.8828469514846802,41.91006681793615,0.03589124177631579,0.9740395410280479,0.2,,
3027.045561090001,386,1712128,1981.11,44,4432,12780,22.914936065673828,8.326784e-05,0.14845837652683258,0.0036808618,-0.0008076170895947143,0.9128831624984741,28.414671702133983,0.03416169819078947,0.9769148951298312,0.2,,
,,1749881,,,,12790,16.632793426513672,8.287872000000001e-05,0.14776813983917236,0.0036077406,-0.0015673374912646403,0.8859549760818481,35.29893650757639,0.03621504934210526,0.9831152592050402,0.2,2000.0,3425.91667935
3051.3089210499998,412,1751040,1981.11,45,4242,,,,,,,,,,,,,
3055.215395490001,419,1789952,1981.11,46,4269,12800,16.322757720947266,8.24896e-05,0.14796532690525055,0.0032793046,-0.0009650952719599254,0.8900038599967957,27.739239328785946,0.02650339226973684,0.98542849923435,0.2,,
3033.11654458,425,1828864,1981.11,47,4301,12810,17.470291137695312,8.210048e-05,0.1481235921382904,0.0036202527,-0.001033179647914183,0.9146648645401001,33.50982303995835,0.035780736019736845,0.9828685721284465,0.2,,
3041.0641558699995,432,1867776,1981.11,48,4321,12820,9.776753425598145,8.171136e-05,0.1487216055393219,0.0038070001,-0.0010721999129409117,0.8953311443328857,40.85324110231902,0.027513363486842104,0.9776364913112239,0.2,,
3037.9490568,440,1906688,1981.11,49,4333,12830,21.407089233398438,8.132224000000001e-05,0.14755386114120483,0.0034359018,-0.0007230586157866607,0.883674144744873,40.33138583082902,0.028448807565789474,0.9822967666544412,0.2,,
3045.3565166500002,449,1945600,2000.0,50,4331,12840,30.479530334472656,8.093312e-05,0.14764830470085144,0.0037672503,-0.0006331529660536417,0.8614171743392944,46.32690288895055,0.02661389802631579,0.989004377863909,0.2,,
3040.6523478599997,455,1984512,2000.0,51,4354,12850,15.927102088928223,8.054399999999999e-05,0.14792025089263916,0.003916901,-0.0008339483468597264,0.8950580954551697,32.1166778413873,0.02831774259868421,0.9866218023394283,0.2,,
,,1999864,,,,12860,15.978191375732422,8.015488e-05,0.14789432287216187,0.003961617,-0.0011214221329857155,0.8858256340026855,42.26522737051311,0.03040964226973684,0.9858027371136766,0.2,2000.0,3426.130333
3083.80254078,482,2023424,2000.0,52,4195,,,,,,,,,,,,,
3056.5455197799997,488,2062336,2000.0,53,4223,12870,18.18619728088379,7.976576e-05,0.1481837034225464,0.0037748327,-0.0012117531744910307,0.8824986815452576,28.680942944476477,0.03285618832236842,0.9832516323578985,0.2,,
3064.9440140099996,494,2101248,2000.0,54,4251,12880,37.76864242553711,7.937664e-05,0.14843446016311646,0.003654453,-0.0016887078145181908,0.8901160359382629,44.916832582574145,0.03032483552631579,0.9799833466347895,0.2,,
3068.2014781899993,500,2140160,2000.0,55,4277,12890,13.698668479919434,7.898752e-05,0.1469610035419464,0.0042130533,-0.0013021958944399988,0.8689283728599548,32.375301886859695,0.032637746710526314,0.9884387217854199,0.2,,
3051.3145628599996,506,2179072,2000.0,56,4303,12900,15.847179412841797,7.859840000000001e-05,0.14750652015209198,0.0030763827,-0.0008352538002471097,0.8838901519775391,37.31166472936931,0.026837479440789475,0.9943349481413238,0.2,,
3026.8572652800003,512,2217984,2000.0,57,4330,12910,8.9884672164917,7.820928e-05,0.14803706109523773,0.0031562042,-0.0011740881660922528,0.9162798523902893,42.55339206394396,0.024637643914473685,0.9865266460337137,0.2,,
,,2249847,,,,12920,10.685136795043945,7.782016000000001e-05,0.14769764244556427,0.0038309465,-0.0006453088258000973,0.9116662740707397,35.4787220590993,0.031211451480263157,0.9858641713073379,0.2,2000.0,3467.42120645
3045.6663194800003,538,2256896,2000.0,58,4187,,,,,,,,,,,,,
3050.29896207,544,2295808,2000.0,59,4214,12930,25.518918991088867,7.743104000000001e-05,0.14751434326171875,0.0036376312,-0.0012331617271564412,0.8959336280822754,34.96676592199426,0.02811986019736842,0.9898484158672785,0.2,,
3033.6940853099995,550,2334720,1981.19,60,4237,12940,5.186279296875,7.704192e-05,0.14767196774482727,0.0042781266,-0.0007052525685714117,0.8904889822006226,24.588761916913484,0.03086451480263158,0.9896650525300126,0.2,,
3044.73239224,557,2373632,1981.19,61,4261,12950,21.199819564819336,7.66528e-05,0.14801643788814545,0.0040777833,-0.001310020003936523,0.8988534808158875,47.063051177326,0.02842824835526316,0.9859076295244066,0.2,,
3046.6356935900003,563,2412544,1981.19,62,4284,12960,7.422820568084717,7.626368e-05,0.14847981929779053,0.003308255,-0.0007521981312158077,0.8878147602081299,31.90513443068454,0.02958727384868421,0.9804440742260532,0.2,,
3047.5644072100004,569,2451456,1981.19,63,4306,12970,27.635929107666016,7.587456000000001e-05,0.14782586693763733,0.0038290306,-0.001195916979218294,0.8982376456260681,48.57019355548056,0.02787571957236842,0.9817954368497196,0.2,,
3048.8508753300002,575,2490368,1981.19,64,4330,12980,17.416465759277344,7.548544e-05,0.14757511019706726,0.0039619002,-0.0008678973444100274,0.8967002630233765,35.7534825751656,0.03095703125,0.9880465493390435,0.2,,
,,2499830,,,,12990,12.386628150939941,7.509632e-05,0.1479485183954239,0.0034272254,-0.001228489128544951,0.9082046747207642,28.68735295534134,0.03265573601973684,0.9872340795240904,0.2,2000.0,3430.9047070999995
3044.2951539299997,602,2529280,1981.19,65,4200,,,,,,,,,,,,,
3090.59617173,608,2568192,2000.0,66,4223,13000,15.947831153869629,7.47072e-05,0.1476522982120514,0.0037775303,-0.0010418303788020766,0.8931405544281006,29.264941584436517,0.036896073190789476,0.9873831678377955,0.2,,
3077.2816870300007,614,2607104,2000.0,67,4244,13010,23.523780822753906,7.431808e-05,0.14784495532512665,0.0036138147,-0.0005220790455687644,0.8717442750930786,44.124669192966664,0.025907175164473686,0.9878858670592308,0.2,,
3077.444893250001,620,2646016,2000.0,68,4265,13020,17.844541549682617,7.392896e-05,0.14867867529392242,0.0035311126,-0.0007551307390952532,0.8851802945137024,40.11842206653796,0.025508840460526316,0.980287614543187,0.2,,
3074.85433823,626,2684928,2000.0,69,4287,13030,9.86009693145752,7.353984e-05,0.14852866530418396,0.004249679,-0.0015061925322362713,0.8770870566368103,40.0127933201037,0.04496813322368421,0.9766889248239367,0.2,,
3085.9221338400007,632,2723840,2000.0,70,4309,13040,17.83965492248535,7.315072000000001e-05,0.1476312130689621,0.0040446976,-0.0010378252842010145,0.8866385817527771,35.64741551625101,0.027711245888157893,0.9841826067159051,0.2,,
,,2749813,,,,13050,23.833528518676758,7.27616e-05,0.14774496853351593,0.0034981216,-0.0007868545800815091,0.8933918476104736,29.566917270108274,0.031769120065789476,0.9891047517720022,0.2,2000.0,3439.5846415499996
3086.5549171700004,658,2762752,2000.0,71,4193,,,,,,,,,,,,,
3056.6229785399996,664,2801664,1987.78,72,4215,13060,21.727474212646484,7.237248000000001e-05,0.14749453961849213,0.0036424003,-0.001172829617280513,0.9021543860435486,34.19736702191202,0.033956106085526315,0.9893425866177208,0.2,,
3071.76325103,670,2840576,1987.78,73,4235,13070,18.57489776611328,7.198336000000002e-05,0.1473170518875122,0.0035613037,-0.0011086044714351086,0.8993558883666992,40.33124509108694,0.027233244243421054,0.9931460119391743,0.2,,
3090.9788936300006,676,2879488,1987.78,74,4255,13080,11.532211303710938,7.159424e-05,0.14693933725357056,0.004478389,-0.0014269272873398701,0.877246618270874,39.92451434888338,0.04864309210526316,0.9975141099409053,0.2,,
3049.162896150001,682,2918400,1969.46,75,4275,13090,18.887868881225586,7.120512e-05,0.14702118933200836,0.0026871576,-0.0002468864984142496,0.8982471823692322,40.33482845707944,0.020078638980263158,0.9978199810573929,0.2,,
3058.804872779999,688,2957312,1969.46,76,4294,13100,17.33111572265625,7.081600000000001e-05,0.14720600843429565,0.00468627,-0.0008453406810172295,0.9029809832572937,36.040025527853714,0.03541067023026316,0.9958940451866702,0.2,,
3046.6895984599996,694,2996224,1969.46,77,4314,13110,21.28887367248535,7.042688e-05,0.14706550538539886,0.003404793,-0.0012841672959008352,0.8753829002380371,44.98120159600911,0.029350842927631578,0.9963338157848308,0.2,,
,,2999796,,,,13120,26.069305419921875,7.003775999999999e-05,0.14695635437965393,0.0038245767,-0.0012970655955876664,0.9007959961891174,30.531534195573705,0.036590254934210524,0.9979393715921201,0.2,2000.0,3445.47895135
3087.9906452899995,720,3035136,1981.68,78,4209,,,,,,,,,,,,,
3075.842340500001,726,3074048,1981.68,79,4228,13130,29.149370193481445,6.964864e-05,0.14709126949310303,0.004107733,-0.0009259409954354756,0.8920789957046509,40.28129719182065,0.029289165296052633,0.9974109164194057,0.2,,
3076.57250301,733,3112960,1981.68,80,4246,13140,17.46837615966797,6.925952e-05,0.14704331755638123,0.0035817267,-0.0009525824366535649,0.8837323188781738,38.57324307968742,0.02782946134868421,0.9968786170608119,0.2,,
3114.7423487100004,739,3151872,2000.0,81,4263,13150,28.095191955566406,6.88704e-05,0.14787819981575012,0.004226892,-0.0006610493693427232,0.9023433923721313,26.161990991391633,0.035955489309210525,0.9911727660580685,0.2,,
3122.2004443799997,745,3190784,2000.0,82,4277,13160,14.724345207214355,6.848128e-05,0.14766547083854675,0.0034652518,-0.0008552461856436964,0.8818060159683228,34.76396350735112,0.031229440789473685,0.9876120724176106,0.2,,
3122.00846766,751,3229696,2000.0,83,4295,13170,14.058504104614258,6.809216000000001e-05,0.14804458618164062,0.003635303,-0.0009980737067771292,0.8760781288146973,38.35859316775673,0.025508840460526316,0.9874090294304647,0.2,,
,,3249779,,,,13180,9.911280632019043,6.770304e-05,0.1492595076560974,0.003365557,-0.0011719823332417658,0.8849932551383972,33.343041123841935,0.030712890625,0.9757703603882538,0.2,2000.0,3472.2163229
3134.7703424200004,778,3268608,2000.0,84,4196,,,,,,,,,,,,,
3141.0183811099996,784,3307520,2000.0,85,4214,13190,12.654019355773926,6.731392000000001e-05,0.1498260200023651,0.003012569,-0.0010782428965046022,0.8715381622314453,32.3195197331278,0.031892475328947366,0.9638258089360437,0.2,,
3103.852757129999,791,3346432,1990.52,86,4230,13200,12.83246898651123,6.692480000000001e-05,0.14967605471611023,0.004205812,-0.0018735995500097297,0.8841962218284607,35.79954676251663,0.037032277960526314,0.9619825770980434,0.2,,
3114.287228110001,796,3385344,1990.52,87,4247,13210,12.286673545837402,6.653568e-05,0.14941436052322388,0.004527486,-0.0017664323481240947,0.9007495045661926,36.54330027605358,0.03340100740131579,0.9649978254970751,0.2,,
3117.61350528,802,3424256,1990.52,88,4264,13220,27.498472213745117,6.614656e-05,0.1492454707622528,0.0036898248,-0.0012735669698725504,0.8913561105728149,40.43453692511508,0.03251182154605263,0.9669929830651535,0.2,,
3104.28633654,808,3463168,1989.2,89,4281,13230,17.12887191772461,6.575744e-05,0.149465411901474,0.0051391143,-0.0020326101340623084,0.8783943057060242,37.42900905483648,0.05284488075657895,0.9670475491567662,0.2,,
,,3499762,,,,13240,21.420778274536133,6.536832000000001e-05,0.14975567162036896,0.0032991755,-0.0008693488832489636,0.9000341892242432,38.65383594161586,0.026937705592105263,0.9630276527059706,0.2,2000.0,3515.2531224000004
3061.4175678300003,835,3502080,1974.48,90,4190,,,,,,,,,,,,,
3072.7467748300005,841,3540992,1983.96,91,4206,13250,11.398350715637207,6.497919999999999e-05,0.14985662698745728,0.002921408,-0.0011809094738533818,0.8930137753486633,38.700486183166504,0.02450143914473684,0.9607741904886146,0.2,,
3033.5587876799996,852,3579904,1970.88,92,4197,13260,32.702266693115234,6.459008e-05,0.1500086486339569,0.003889652,-0.0011565449515872292,0.88341224193573,40.71441835855183,0.030507298519736843,0.9582806308018533,0.2,,
2993.1963223400007,860,3618816,1952.42,93,4207,13270,25.612285614013672,6.420096e-05,0.1497536152601242,0.0037725712,-0.001457682138578476,0.9037051796913147,46.33910494603609,0.030779708059210525,0.9594560961974294,0.2,,
3016.24863471,867,3657728,1953.74,94,4217,13280,4.820640563964844,6.381184e-05,0.14954081177711487,0.004009195,-0.0014108241376418033,0.906249463558197,26.953435991939745,0.03739206414473684,0.9624442595400309,0.2,,
3036.4575347800005,874,3696640,1968.46,95,4227,13290,11.125558853149414,6.342272e-05,0.14925065636634827,0.004094573,-0.0015904500893635773,0.9036641120910645,37.704702089962204,0.03442639802631579,0.965721611992309,0.2,,
3054.4099945999997,881,3735552,1968.46,96,4238,13300,17.866737365722656,6.30336e-05,0.14877423644065857,0.004240896,-0.0014572613140396578,0.8963211178779602,38.95290772287469,0.034619140625,0.9712055926260196,0.2,,
,,3749745,,,,13310,28.95640754699707,6.264448000000001e-05,0.1493193358182907,0.004635887,-0.0021301296792348456,0.8699575662612915,36.7972850636432,0.04491930509868421,0.9695376490291796,0.2,2000.0,3536.86726215
3101.14452401,910,3774464,1981.54,97,4145,,,,,,,,,,,,,
3077.97595381,917,3813376,1981.54,98,4156,13320,34.08321762084961,6.225536e-05,0.14940544962882996,0.0040245517,-0.0017939063692067163,0.8815551996231079,49.14797463918987,0.037525699013157894,0.9660090619796201,0.2,,
3114.784473080001,924,3852288,1997.67,99,4167,13330,34.22206497192383,6.186624000000001e-05,0.14945213496685028,0.003686325,-0.0011394365356720397,0.9084652066230774,32.788951632851045,0.032897306743421055,0.9650365374590221,0.2,,
3122.92150902,931,3891200,1997.67,100,4178,13340,6.625888347625732,6.147712000000002e-05,0.14886388182640076,0.0033467456,-0.0015305252805487008,0.9086913466453552,25.35703053348943,0.027587890625,0.9686909146999058,0.2,,
3101.762041510001,938,3930112,1997.67,101,4188,13350,16.864816665649414,6.1088e-05,0.14826981723308563,0.0037888254,-0.0015118881572944748,0.8812757730484009,36.109898626176935,0.03436729029605263,0.977363474510218,0.2,,
3050.08959458,945,3969024,1985.93,102,4196,13360,24.780881881713867,6.069888e-05,0.14829635620117188,0.0033471258,-0.0012593570673121385,0.8842053413391113,34.60233068842637,0.029965049342105265,0.9808706801188619,0.2,,
,,3999728,,,,13370,26.44477653503418,6.030976000000001e-05,0.14833961427211761,0.0033193987,-0.0014719323644193968,0.9020087122917175,54.01626400696604,0.02514134457236842,0.979900224977418,0.2,2000.0,3515.2848808499994
3053.4758004100004,976,4007936,1985.93,103,4105,,,,,,,,,,,,,
3038.141749510001,983,4046848,1975.12,104,4115,13380,26.144601821899414,5.992063999999999e-05,0.1482669711112976,0.0034587465,-0.00112889240492797,0.8719039559364319,38.45176240644957,0.029376541940789473,0.9796208784768455,0.2,,
3000.25214638,990,4085760,1974.95,105,4126,13390,19.59421157836914,5.953152e-05,0.1480749547481537,0.0033115302,-0.0009234639056223004,0.8859072923660278,44.63613497458006,0.02408254523026316,0.9819232419917457,0.2,,
3004.76583529,997,4124672,1974.95,106,4136,13400,17.205368041992188,5.91424e-05,0.14828944206237793,0.0035066612,-0.0009696578518885777,0.894601583480835,39.84316837787628,0.024131373355263157,0.980986838042736,0.2,,
3030.07444838,1004,4163584,1975.58,107,4145,13410,12.939340591430664,5.875328e-05,0.14854884147644043,0.004150829,-0.0007230133268565528,0.8804181814193726,35.662804228381106,0.028155838815789473,0.9780608843815954,0.2,,
3058.6265177699997,1011,4202496,1975.58,108,4153,13420,11.608498573303223,5.836416e-05,0.14808014035224915,0.0037501375,-0.0017984121380753718,0.9065654873847961,33.699152406893276,0.029954769736842104,0.9804321422388679,0.2,,
3097.3138376500006,1019,4241408,1988.72,109,4160,13430,6.424990653991699,5.797504e-05,0.14844964444637299,0.0028568471,-0.001231820400387637,0.8825978636741638,29.766363810238087,0.02524157072368421,0.9808272687228102,0.2,,
,,4249711,,,,13440,18.632646560668945,5.758592e-05,0.14721964299678802,0.003739561,-0.0013857675285850603,0.8858810663223267,25.52519929220802,0.02792454769736842,0.9875348138181786,0.2,2000.0,3511.88491995
3114.6404642300013,1049,4280320,1988.89,110,4079,,,,,,,,,,,,,
3091.15648887,1055,4319232,1969.73,111,4091,13450,18.088268280029297,5.719680000000001e-05,0.14752089977264404,0.0035879384,-0.0012305876017260169,0.8643509149551392,40.241397617992604,0.026482833059210526,0.9921141841693928,0.2,,
3108.74524106,1061,4358144,1969.73,112,4103,13460,24.76228141784668,5.680768000000001e-05,0.1478976607322693,0.003423921,-0.0008436058156229065,0.8872381448745728,34.38960625246951,0.021985505756578948,0.9872722989634464,0.2,,
3068.94102011,1067,4397056,1960.01,113,4117,13470,23.05594253540039,5.6418560000000006e-05,0.14884287118911743,0.0039580376,-0.0011685337945604452,0.8963127136230469,35.994829913189534,0.024591385690789475,0.978486969518034,0.2,,
3055.1299095900004,1073,4435968,1960.01,114,4130,13480,16.231231689453125,5.602944000000001e-05,0.1488315910100937,0.0030555471,-0.0014287874503918973,0.8971351981163025,38.40762659374036,0.026236122532894736,0.9730702717837535,0.2,,
3049.41793185,1079,4474880,1960.01,115,4144,13490,19.6187744140625,5.5640320000000005e-05,0.14903214573860168,0.0032952337,-0.0007804593186225056,0.8693901300430298,42.97167101408306,0.02705592105263158,0.9711765461062131,0.2,,
,,4499694,,,,13500,22.804466247558594,5.5251200000000004e-05,0.1489855945110321,0.003715432,-0.000995193341881723,0.8871649503707886,38.57181280161205,0.023476048519736843,0.9709741230858,0.2,2000.0,3498.1523124000005
3036.7915044199995,1105,4513792,1960.01,116,4081,,,,,,,,,,,,,
3068.32603161,1111,4552704,1979.17,117,4095,13510,21.757368087768555,5.486208e-05,0.14907699823379517,0.0025596041,-0.0006044902080535202,0.8810189962387085,46.420827890697275,0.01766807154605263,0.9704026735926929,0.2,,
3096.35841902,1117,4591616,1997.71,118,4108,13520,23.439828872680664,5.4472959999999996e-05,0.14912767708301544,0.0029803058,-0.0015255966240625926,0.8708881139755249,35.26879008318249,0.02845908717105263,0.9697656698132816,0.2,,
3093.6584687400004,1123,4630528,2000.0,119,4121,13530,26.70541000366211,5.4083839999999995e-05,0.14926475286483765,0.0031370337,-0.0009375170351153142,0.8755225539207458,39.54730262505381,0.019202302631578946,0.9682263081011019,0.2,,
3076.4929918699995,1129,4669440,2000.0,120,4134,13540,20.333309173583984,5.369472e-05,0.14926844835281372,0.003433197,-0.0008475947840212796,0.8891498446464539,45.42919881343842,0.025025699013157893,0.9670449985485328,0.2,,
3084.5777955700005,1135,4708352,2000.0,121,4147,13550,33.31020736694336,5.33056e-05,0.14977844059467316,0.0030857192,-0.0006747206579587471,0.8816831707954407,37.73301963429702,0.021417557565789475,0.9638859507284666,0.2,,
3072.20170207,1141,4747264,2000.0,122,4160,13560,19.670345306396484,5.291648e-05,0.149416983127594,0.0029509887,-0.000803543394967595,0.878188967704773,40.00255357215279,0.019991262335526314,0.9633022914591588,0.2,,
,,4749677,,,,13570,20.364601135253906,5.2527360000000005e-05,0.14904749393463135,0.0037654173,-0.0009519781944905653,0.8693662285804749,35.04799940460607,0.02710474917763158,0.9679758059351068,0.2,2000.0,3499.7432969499996
3022.0037531200005,1167,4786176,1974.02,123,4100,,,,,,,,,,,,,
3021.113487779999,1172,4825088,1974.02,124,4113,13580,35.609554290771484,5.2138240000000004e-05,0.1490316540002823,0.0024004674,-0.0009491289707703369,0.8826459646224976,54.95092257700468,0.015894839638157895,0.9707670003960007,0.2,,
3026.9008478700002,1178,4864000,1961.8,125,4125,13590,32.14366912841797,5.1749120000000004e-05,0.14885206520557404,0.003173009,-0.0009455522534584529,0.8798889517784119,41.65165946860063,0.02309056332236842,0.9716059175761123,0.2,,
3015.2379658700006,1184,4902912,1961.8,126,4138,13600,15.183818817138672,5.136000000000001e-05,0.14910918474197388,0.003082777,-0.001347318148136286,0.872428297996521,45.07971537991574,0.025131064967105262,0.9708217249104851,0.2,,
3038.6437558499997,1190,4941824,1961.8,127,4150,13610,19.097732543945312,5.097088000000001e-05,0.14897052943706512,0.0035938306,-0.0009914607278340938,0.8699349164962769,34.27524219688616,0.027963096217105264,0.9702559344862637,0.2,,
3089.74792946,1196,4980736,1987.78,128,4162,13620,14.25796127319336,5.058176e-05,0.1489168256521225,0.0041750385,-0.001155885084115557,0.8789433836936951,25.2531402638084,0.03308747944078947,0.9719170508416075,0.2,,
,,4999660,,,,13630,24.606342315673828,5.019264e-05,0.14906635880470276,0.0027442959,-0.0007123726633022,0.8377717137336731,44.5790577788102,0.014517372532894738,0.9711198047587746,0.2,2000.0,3511.1744645999997
3101.6483277599996,1222,5019648,1980.35,129,4105,,,,,,,,,,,,,
3080.07944843,1228,5058560,1973.83,130,4118,13640,11.687663078308105,4.9803520000000007e-05,0.1487993597984314,0.0036811698,-0.0010517403510196968,0.9020252823829651,35.178428931612714,0.028374280427631578,0.9717793708569125,0.2,,
3067.577283920001,1234,5097472,1973.83,131,4130,13650,9.083778381347656,4.9414400000000006e-05,0.148626446723938,0.003475434,-0.0014751992529981133,0.9070680141448975,28.62138376235962,0.024789268092105264,0.9741886818095258,0.2,,
3073.7261682800004,1240,5136384,1973.83,132,4141,13660,8.046329498291016,4.9025280000000005e-05,0.1486005187034607,0.0030505,-0.0009778452099693056,0.8932809829711914,31.97277427096116,0.019664884868421054,0.9757975056767464,0.2,,
3052.8280128399997,1245,5175296,1955.92,133,4153,13670,12.078832626342773,4.863616e-05,0.14878612756729126,0.0034714125,-0.0012858829822538322,0.894768238067627,30.61596748326954,0.02348889802631579,0.9748869440273235,0.2,,
3052.225675740001,1251,5214208,1963.35,134,4165,13680,8.883543014526367,4.824704e-05,0.1490073800086975,0.0035421366,-0.0010703326207524362,0.912772536277771,32.763541442469545,0.024830386513157894,0.9718886017799377,0.2,,
,,5249643,,,,13690,37.968109130859375,4.785792e-05,0.1491471230983734,0.0035570916,-0.001508563142162625,0.8764269351959229,42.148394008686665,0.02578125,0.969808654957696,0.2,2000.0,3487.4799131999994
3029.20931486,1278,5253120,1957.76,135,4110,,,,,,,,,,,,,
3050.4692275,1283,5292032,1957.76,136,4122,13700,23.144289016723633,4.74688e-05,0.14967238903045654,0.0034557856,-0.0012259940693375507,0.9136005640029907,35.286869906124316,0.022224506578947367,0.9648407093004177,0.2,,
3027.761126289999,1289,5330944,1954.78,137,4134,13710,17.69271469116211,4.707968e-05,0.15031003952026367,0.0029172588,-0.0008029197167304932,0.9040506482124329,32.63969537835372,0.021497224506578948,0.9571979581525452,0.2,,
3000.0898834499994,1295,5369856,1947.5,138,4145,13720,25.720319747924805,4.669056000000001e-05,0.15005026757717133,0.0026530207,-0.0007841923476294859,0.89149409532547,42.86777460951554,0.01611585115131579,0.9547662878507062,0.2,,
2983.7511181699997,1301,5408768,1929.04,139,4156,13730,16.780303955078125,4.6301440000000006e-05,0.15015143156051636,0.0029098787,-0.0013002113282901088,0.9016091823577881,36.64480670125861,0.01957493832236842,0.9559706951442518,0.2,,
3047.1222781300003,1307,5447680,1953.37,140,4166,13740,25.028980255126953,4.591232e-05,0.1505785584449768,0.0033762192,-0.00109670521464738,0.9093958139419556,28.20390812597777,0.021173416940789475,0.9516406706289241,0.2,,
3044.815031699999,1313,5486592,1953.37,141,4177,13750,17.906391143798828,4.55232e-05,0.15057170391082764,0.0035377576,-0.0012407032360083816,0.8685790300369263,41.63579655948438,0.025375205592105262,0.9490663397469019,0.2,,
,,5499626,,,,13760,22.038349151611328,4.5134080000000004e-05,0.15066267549991608,0.0027969058,-0.000827317716443519,0.8999549746513367,33.05448724470641,0.02084446957236842,0.9485217534397777,0.2,2000.0,3555.4769456000004
3003.9100932200004,1340,5525504,1927.88,142,4123,,,,,,,,,,,,,
3026.9750268000003,1346,5564416,1934.71,143,4133,13770,7.135382175445557,4.474496e-05,0.15116462111473083,0.0029028896,-0.0012405595017633841,0.902952253818512,40.88965680975663,0.021849300986842107,0.94455060331445,0.2,,
3023.2344950100005,1352,5603328,1923.22,144,4144,13780,11.062268257141113,4.435584e-05,0.1510516107082367,0.0029813696,-0.0012522769981220144,0.8949014544487,35.07893233550222,0.017323704769736843,0.9421380930041012,0.2,,
2958.615442530001,1358,5642240,1891.73,145,4154,13790,19.164033889770508,4.396672000000001e-05,0.15109191834926605,0.0034801874,-0.0011205806419112426,0.9047811031341553,44.81214505622261,0.020394736842105264,0.9423113608830853,0.2,,
2960.66847677,1363,5681152,1904.33,146,4165,13800,36.852962493896484,4.357760000000001e-05,0.1514734923839569,0.0027442449,-0.0007306182616096186,0.9123924374580383,51.47851537905241,0.01606188322368421,0.9395638702731384,0.2,,
2916.9933328400007,1369,5720064,1891.44,147,4175,13810,18.528947830200195,4.318848e-05,0.1515527069568634,0.003834597,-0.0012413863046707488,0.8901031613349915,44.63418894065054,0.02754420230263158,0.9361110809602236,0.2,,
,,5749609,,,,13820,20.9322509765625,4.279936e-05,0.15161770582199097,0.0032080063,-0.0015365133343852664,0.9240443110466003,54.59131653183385,0.02065943667763158,0.9354848316625545,0.2,2000.0,3557.2961617
2921.2701303599997,1396,5758976,1909.8,148,4125,,,,,,,,,,,,,
2932.74519604,1402,5797888,1939.75,149,4135,13830,36.95234680175781,4.241024e-05,0.1515577733516693,0.003106247,-0.001258961005078163,0.8833547234535217,52.88235586818896,0.022735916940789472,0.9356624433084538,0.2,,
2959.3790146300003,1407,5836800,1955.72,150,4146,13840,21.45901870727539,4.2021120000000005e-05,0.15091636776924133,0.0027091224,-0.0007325227044547271,0.8738382458686829,41.38491733325155,0.01810752467105263,0.9399776829700721,0.2,,
3009.9664519800012,1413,5875712,1971.24,151,4156,13850,5.979973316192627,4.1632000000000004e-05,0.1505400389432907,0.0026365719,-0.0008734518785403404,0.8989357948303223,27.672305468509073,0.017521587171052632,0.9470612373006971,0.2,,
3069.3892037299997,1419,5914624,1987.93,152,4166,13860,10.269852638244629,4.124288e-05,0.1506020426750183,0.0036843985,-0.0010616274601105895,0.8608800172805786,34.297066758808334,0.02529296875,0.9490937742747758,0.2,,
3002.695899780001,1425,5953536,1959.41,153,4176,13870,18.82724380493164,4.0853759999999996e-05,0.1502075493335724,0.002963346,-0.0009210856275259223,0.899419903755188,50.851258835039644,0.016963918585526316,0.9511949361154908,0.2,,
3043.61702753,1431,5992448,1959.41,154,4186,13880,7.343225955963135,4.0464639999999995e-05,0.1502365916967392,0.0028564609,-0.0016169192761146022,0.9182654619216919,36.03531294496436,0.023712479440789472,0.9536482842344987,0.2,,
,,5999592,,,,13890,19.290000915527344,4.007552e-05,0.15018469095230103,0.0036027357,-0.0018988897746710694,0.8791078925132751,33.852261777928,0.034089740953947366,0.9547366180702259,0.2,2000.0,3574.9454046499995
3061.495985119999,1457,6031360,1959.41,155,4137,,,,,,,,,,,,,
3034.26040566,1463,6070272,1959.41,156,4148,13900,10.987831115722656,3.96864e-05,0.14981761574745178,0.0028876234,-0.0016154905997130921,0.9068155288696289,25.41014507256056,0.025164473684210525,0.9571478410771018,0.2,,
3040.71513205,1469,6109184,1971.48,157,4158,13910,38.11159133911133,3.9297280000000006e-05,0.14996099472045898,0.0028572315,-0.0009267788515181134,0.86505526304245,45.63483461455295,0.01352796052631579,0.9579819035373236,0.2,,
3101.5406206,1474,6148096,1985.17,158,4168,13920,10.459396362304688,3.8908160000000005e-05,0.1500231772661209,0.002701997,-0.0009738647081815687,0.8801485300064087,33.4457536998548,0.018500719572368422,0.9566993684360855,0.2,,
3068.32166387,1480,6187008,1968.93,159,4177,13930,7.940860748291016,3.8519040000000004e-05,0.14999493956565857,0.0028360914,-0.0009367729866521825,0.9204005002975464,44.67355859405116,0.016547594572368422,0.9564856995093195,0.2,,
3048.87168796,1486,6225920,1968.93,160,4187,13940,15.448244094848633,3.812992e-05,0.1499161720275879,0.0036138813,-0.0015558939203497415,0.8966847658157349,37.53516755104065,0.027461965460526316,0.9571550076729373,0.2,,
,,6249575,,,,13950,23.99306869506836,3.7740799999999996e-05,0.14980211853981018,0.0037717377,-0.0013269418448831666,0.873278796672821,53.67049740239194,0.023892372532894737,0.9586351698950717,0.2,2000.0,3555.716810799999
2990.1954252299993,1512,6264832,1962.69,161,4140,,,,,,,,,,,,,
2878.64920102,1518,6303744,1911.23,162,4150,13960,32.146934509277344,3.735168e-05,0.14981725811958313,0.0033883036,-0.0016826882171842859,0.8851786255836487,56.902669331901954,0.02554481907894737,0.9590005680134422,0.2,,
2909.31393677,1524,6342656,1942.3,163,4160,13970,10.880659103393555,3.696256e-05,0.1499137282371521,0.0035971587,-0.001512974378573218,0.9155855774879456,59.8501392439792,0.020608038651315788,0.9584531366040833,0.2,,
2914.08864819,1530,6381568,1942.3,164,4168,13980,25.73533058166504,3.657344e-05,0.14994460344314575,0.0029605571,-0.0008878284278724,0.8764825463294983,36.273298357662405,0.01889391447368421,0.9573540559724758,0.2,,
2923.49859731,1536,6420480,1942.3,165,4178,13990,11.95925521850586,3.618432000000001e-05,0.15011513233184814,0.0035645189,-0.0013482634835925542,0.9040998816490173,26.168541767095263,0.028271484375,0.9565834304219798,0.2,,
2948.82510382,1542,6459392,1929.93,166,4186,14000,34.382686614990234,3.5795200000000006e-05,0.14996349811553955,0.003066032,-0.0010048550671566965,0.8669614195823669,49.90449535219293,0.014720394736842106,0.9556241804831906,0.2,,
3014.1161304,1548,6498304,1964.12,167,4196,14010,29.156326293945312,3.540608e-05,0.14973723888397217,0.0025242618,-0.0007719207064119951,0.8895820379257202,54.00049798865067,0.016902240953947368,0.9583887544901748,0.2,,
,,6499558,,,,14020,42.151119232177734,3.501696e-05,0.14966052770614624,0.002976961,-0.0012149397731072416,0.8917636871337891,54.25335725985075,0.018534128289473685,0.9605414498793451,0.2,2000.0,3533.0655727
3008.89833713,1574,6537216,1964.12,168,4151,,,,,,,,,,,,,
2963.3554642500008,1580,6576128,1949.18,169,4160,14030,19.13326644897461,3.4627840000000004e-05,0.14974863827228546,0.003957449,-0.0013896303237599663,0.8965483903884888,51.86976886924944,0.027063630756578947,0.9602008661157206,0.2,,
2940.85555327,1586,6615040,1947.59,170,4169,14040,16.834014892578125,3.423872e-05,0.1492798924446106,0.0038112367,-0.0011274974129934746,0.8952353000640869,44.27010990569466,0.02070055509868421,0.9631101119675134,0.2,,
2993.1340304699993,1592,6653952,1966.2,171,4179,14050,12.642386436462402,3.38496e-05,0.14907556772232056,0.0037021888,-0.0015647018087053622,0.8978665471076965,36.759953441117936,0.030586965460526316,0.967580856461274,0.2,,
3031.03438984,1598,6692864,1980.96,172,4187,14060,16.659183502197266,3.346048000000001e-05,0.14951014518737793,0.0030599365,-0.00115935169007188,0.9002515077590942,39.76421196084274,0.02110402960526316,0.9660836121753642,0.2,,
3020.8172188500002,1603,6731776,1974.26,173,4196,14070,15.4326171875,3.307136000000001e-05,0.14953383803367615,0.004029247,-0.0016615017197756587,0.9058253765106201,41.100259524897524,0.031224300986842105,0.9628101374757917,0.2,,
,,6749541,,,,14080,23.38993263244629,3.268224e-05,0.1500350385904312,0.0032972023,-0.001017098048530323,0.9033340215682983,44.016090472120986,0.01757555509868421,0.9594654112270004,0.2,2000.0,3495.072530350001
3038.4588216899997,1630,6770688,1989.2,174,4152,,,,,,,,,,,,,
3031.9789359900005,1636,6809600,1972.64,175,4161,14090,15.359020233154297,3.229312e-05,0.15014123916625977,0.0031082532,-0.0008920443646753771,0.8925275206565857,39.621627481360186,0.015272923519736843,0.9552504065005403,0.2,,
3021.86800223,1642,6848512,1972.64,176,4170,14100,15.317424774169922,3.1904e-05,0.15043440461158752,0.0024863128,-0.0006936324093993263,0.9103835821151733,42.85814163684845,0.016131270559210525,0.9524828796323977,0.2,,
3030.649413660001,1647,6887424,1975.15,177,4179,14110,7.5997467041015625,3.1514880000000004e-05,0.15040335059165955,0.0032272276,-0.001310317915417009,0.8466535806655884,34.34058986337561,0.02484066611842105,0.9508199716084882,0.2,,
3028.3345481700007,1653,6926336,1962.88,178,4188,14120,23.30350112915039,3.112576e-05,0.1505448967218399,0.0027664462,-0.0010784776096299635,0.8918967843055725,44.121838976207535,0.01733912417763158,0.9499066789683542,0.2,,
3035.74639011,1659,6965248,1962.88,179,4196,14130,19.942676544189453,3.073664e-05,0.1505146026611328,0.003150537,-0.0011388292090391348,0.8936754465103149,37.24238916196321,0.01669664884868421,0.9493965710464277,0.2,,
,,6999524,,,,14140,13.073519706726074,3.0347519999999995e-05,0.150112122297287,0.003131342,-0.0010344627517808573,0.883299708366394,42.22962417100605,0.020397306743421054,0.9521557091882354,0.2,2000.0,3485.8175218999995
3047.63622681,1686,7004160,1981.03,180,4154,,,,,,,,,,,,,
3026.3236842999995,1692,7043072,1981.03,181,4162,14150,10.390951156616211,2.9958399999999998e-05,0.14988954365253448,0.0029117733,-0.0013827052916320483,0.8959003686904907,37.5995924334777,0.013813219572368422,0.9563661954120586,0.2,,
3029.33681247,1697,7081984,1981.03,182,4171,14160,13.711678504943848,2.956928e-05,0.1499437689781189,0.0032671078,-0.0014677632130578307,0.8786327838897705,40.35552017312301,0.022998046875,0.9577074563816974,0.2,,
3037.0230148799997,1703,7120896,1981.03,183,4179,14170,20.632160186767578,2.918016e-05,0.14958736300468445,0.00242185,-0.000824524016934447,0.8811032772064209,37.61996605772721,0.015200966282894737,0.9597196961704053,0.2,,
3080.34260926,1709,7159808,2000.0,184,4188,14180,10.350436210632324,2.8791040000000002e-05,0.14977732300758362,0.002142713,-0.000690268029115702,0.8986351490020752,33.73014073497371,0.01669664884868421,0.9609064973498646,0.2,,
3043.2545370099997,1715,7198720,1982.28,185,4196,14190,18.227155685424805,2.8401920000000005e-05,0.1495474874973297,0.0027215525,-0.00066566317982506,0.8740522265434265,39.307128291381034,0.014620168585526316,0.9608787251930487,0.2,,
3079.249145840001,1721,7237632,1982.28,186,4205,14200,7.770215034484863,2.8012800000000007e-05,0.14931361377239227,0.002957862,-0.001416855046102826,0.9049080610275269,32.3128386911593,0.017159231085526316,0.9642350500351504,0.2,,
,,7249507,,,,14210,23.903146743774414,2.7623679999999996e-05,0.1496354043483734,0.0022156416,-0.0006571979898389576,0.9011647701263428,36.37489631175995,0.010482627467105264,0.9636090756246918,0.2,2000.0,3459.5765056499995
3057.1382245199993,1747,7276544,1982.28,187,4164,,,,,,,,,,,,,
3013.79175278,1753,7315456,1964.21,188,4172,14220,21.91480255126953,2.723456e-05,0.14966025948524475,0.0035998947,-0.0013960402405293853,0.8717771768569946,38.64578193237907,0.021785053453947368,0.9611201179654975,0.2,,
2991.9015967400005,1758,7354368,1953.24,189,4181,14230,16.949304580688477,2.6845439999999998e-05,0.14940819144248962,0.0030846354,-0.0012254435670145444,0.8863295912742615,42.50886019029115,0.022337582236842107,0.9625013140471358,0.2,,
3011.7103924800003,1764,7393280,1970.96,190,4189,14240,13.542640686035156,2.645632e-05,0.14958158135414124,0.0025534115,-0.0009024312537420835,0.8992440700531006,38.15095286745774,0.011014597039473684,0.9630710592395381,0.2,,
3016.46168046,1770,7432192,1970.96,191,4197,14250,10.94011402130127,2.6067200000000003e-05,0.14927107095718384,0.0029728052,-0.0011751103187347517,0.875113308429718,34.68239708574195,0.018302837171052633,0.9641205081814214,0.2,,
3044.3262578500003,1776,7471104,1970.96,192,4205,14260,18.127910614013672,2.5678080000000003e-05,0.14880841970443726,0.003058814,-0.0014610656204719194,0.895776629447937,21.109976577131373,0.02192125822368421,0.9693917453289032,0.2,,
,,7499490,,,,14270,10.604485511779785,2.5288960000000005e-05,0.14874453842639923,0.0023491955,-0.0006514805330784599,0.8746924996376038,47.98912171941055,0.008817331414473684,0.9727863179225671,0.2,2000.0,3483.4254148
3047.2779009900005,1803,7510016,1989.03,193,4164,,,,,,,,,,,,,
3065.4216266800004,1809,7548928,2000.0,194,4172,14280,13.531795501708984,2.4899839999999998e-05,0.14886727929115295,0.0019023762,-0.000643448094610664,0.873584508895874,41.47046712448722,0.009506064967105264,0.9723053161250917,0.2,,
3057.4529650199997,1815,7587840,2000.0,195,4180,14290,19.221925735473633,2.4510719999999997e-05,0.1486331820487976,0.0025878309,-0.0008661274631250356,0.8872889876365662,39.88658622691506,0.009729646381578947,0.9730268573290424,0.2,,
3047.92378194,1820,7626752,2000.0,196,4188,14300,30.767568588256836,2.41216e-05,0.14889508485794067,0.0033348112,-0.001332016015658155,0.8559387922286987,50.67345599877207,0.019495271381578947,0.972829794883728,0.2,,
3030.7531785700003,1826,7665664,2000.0,197,4196,14310,17.80548858642578,2.3732480000000002e-05,0.14912056922912598,0.0035332013,-0.0011565765456333266,0.8705934286117554,37.54911751872615,0.018382504111842106,0.9695276948182207,0.2,,
3050.8089491900005,1832,7704576,2000.0,198,4204,14320,25.309661865234375,2.334336e-05,0.148782417178154,0.0031627673,-0.0009741349651257654,0.8909979462623596,35.03867461681366,0.01573293585526316,0.9704819524758741,0.2,,
3038.659753389999,1838,7743488,2000.0,199,4212,14330,34.02986145019531,2.2954240000000004e-05,0.14874210953712463,0.002106618,-0.000476409791199809,0.8635950684547424,56.24304084526865,0.005376233552631579,0.9731217429041863,0.2,,
,,7749473,,,,14340,19.571001052856445,2.2565120000000007e-05,0.14868861436843872,0.0025959343,-0.001361569207112648,0.886475145816803,37.460267053152386,0.015517064144736843,0.9736561165828453,0.2,2000.0,3485.6978877
3064.1601151600003,1864,7782400,2000.0,200,4173,,,,,,,,,,,,,
3076.8269593800005,1870,7821312,2000.0,201,4181,14350,3.4476561546325684,2.2175999999999996e-05,0.14866769313812256,0.0032184415,-0.0013687955994483721,0.923427164554596,19.197427752770874,0.021800472861842106,0.9744631778252753,0.2,,
3092.13443128,1876,7860224,2000.0,202,4189,14360,16.195053100585938,2.178688e-05,0.1486816108226776,0.002268295,-0.0007133596124875016,0.8854035139083862,42.80569575585817,0.006098375822368421,0.9740127955612383,0.2,,
3060.39480991,1882,7899136,1981.85,203,4196,14370,8.575422286987305,2.139776e-05,0.14865168929100037,0.0032571324,-0.001137687033501846,0.8665736317634583,30.447579415220964,0.020883018092105264,0.9740517893904134,0.2,,
3071.0776667600003,1887,7938048,1981.85,204,4204,14380,11.123537063598633,2.100864e-05,0.14881393313407898,0.0029761929,-0.001276350901217053,0.9220359921455383,37.1211488221821,0.016231496710526316,0.9735106777987982,0.2,,
3077.41213426,1893,7976960,1981.85,205,4212,14390,12.596120834350586,2.0619520000000003e-05,0.14879396557807922,0.0030144707,-0.001148580488025848,0.8836866021156311,44.781709849207026,0.016961348684210526,0.9721907374890227,0.2,,
,,7999456,,,,14400,9.004609107971191,2.0230400000000005e-05,0.14899307489395142,0.002602583,-0.0008957422229669694,0.8900097608566284,34.375151719545066,0.012708162006578948,0.9710861412318129,0.2,2000.0,3493.67571545
3069.81326253,1920,8015872,1981.85,206,4174,,,,,,,,,,,,,
3066.4633584499998,1925,8054784,1981.85,207,4182,14410,21.23952865600586,1.9841279999999994e-05,0.1492694616317749,0.0027277442,-0.0012212039435613214,0.867343544960022,36.917377091708936,0.01635228207236842,0.9680749082251598,0.2,,
3039.4551300800003,1931,8093696,1982.24,208,4190,14420,20.32927131652832,1.9452159999999997e-05,0.14929568767547607,0.0027846626,-0.0010015445671773418,0.8858827948570251,40.852848896227385,0.018374794407894735,0.9658392704631152,0.2,,
3060.46328177,1937,8132608,1982.24,209,4197,14430,24.763233184814453,1.906304e-05,0.14913618564605713,0.0036496166,-0.0012397251603512192,0.8899062275886536,43.28723915376161,0.017919921875,0.9667203880454365,0.2,,
3069.75866084,1943,8171520,1982.24,210,4204,14440,19.348472595214844,1.867392e-05,0.14923565089702606,0.0030368518,-0.0008755125361188363,0.8606681227684021,41.660976280664144,0.014918277138157895,0.967147664961062,0.2,,
3083.31906677,1949,8210432,1982.24,211,4212,14450,11.122873306274414,1.82848e-05,0.14930079877376556,0.0035653927,-0.0011899469298537282,0.8864799737930298,29.836485212727595,0.024229029605263158,0.9659857813464968,0.2,,
3087.55024681,1955,8249344,1982.24,212,4219,14460,6.998612403869629,1.7895680000000004e-05,0.1492607295513153,0.002637755,-0.0008188391324916953,0.8885128498077393,34.7961201354077,0.012181332236842105,0.9657697244694359,0.2,,
,,8249439,,,,14470,15.431490898132324,1.7506560000000007e-05,0.14922890067100525,0.002762728,-0.0010840058895011777,0.8997184038162231,38.51156346421493,0.012171052631578947,0.9664571335441188,0.2,2000.0,3485.6325518
3131.30823048,1981,8288256,2000.0,213,4183,,,,,,,,,,,,,
3131.5102389499993,1987,8327168,2000.0,214,4190,14480,22.353010177612305,1.7117439999999996e-05,0.14925849437713623,0.003406626,-0.0011620915516304146,0.8956859111785889,32.043523377493806,0.018274568256578947,0.9663738094662365,0.2,,
3127.4227151900004,1993,8366080,2000.0,215,4197,14490,12.85235595703125,1.672832e-05,0.1491880565881729,0.003029937,-0.0008820548975276515,0.8917713761329651,34.59033666849136,0.016228926809210526,0.9666357279608124,0.2,,
3101.54523973,1998,8404992,2000.0,216,4204,14500,23.656599044799805,1.6339199999999998e-05,0.14925093948841095,0.002572585,-0.0006946800748425486,0.902543306350708,32.839687676178784,0.010115131578947369,0.9667703366593311,0.2,,
3117.3669926800003,2004,8443904,2000.0,217,4211,14510,16.394989013671875,1.595008e-05,0.1492510735988617,0.0033669553,-0.001583568428146751,0.8832042217254639,33.30053876952121,0.016673519736842106,0.9664055970938582,0.2,,
3071.88322791,2011,8482816,1981.68,218,4216,14520,37.98982238769531,1.5560960000000003e-05,0.14909294247627258,0.0017411979,-0.0006886120340296705,0.8987539410591125,46.970599495737176,0.007979543585526315,0.9673304292716478,0.2,,
,,8499422,,,,14530,9.103533744812012,1.5171840000000004e-05,0.1490325629711151,0.0030759638,-0.000945430274633078,0.9110073447227478,33.5786991018998,0.013127055921052632,0.9688107285060381,0.2,2000.0,3522.2277338500003
3061.2982696,2040,8521728,1981.68,219,4175,,,,,,,,,,,,,
3044.2400015800004,2047,8560640,1981.68,220,4180,14540,12.513839721679688,1.4782720000000005e-05,0.1491158902645111,0.002227327,-0.0007684605741432231,0.8701107501983643,40.5370052864677,0.009578022203947368,0.9688167261449914,0.2,,
3055.6322975900002,2054,8599552,1981.68,221,4185,14550,19.741806030273438,1.4393599999999995e-05,0.14915969967842102,0.002700147,-0.0009736105272742479,0.8933126330375671,36.217024565997875,0.011382092927631579,0.9679979074158167,0.2,,
3051.74090381,2061,8638464,1981.68,222,4190,14560,24.661312103271484,1.4004479999999998e-05,0.14925706386566162,0.0019810142,-0.0007480000314229217,0.9084457159042358,37.16390248097871,0.005936472039473684,0.966896569571997,0.2,,
3074.34478998,2068,8677376,2000.0,223,4194,14570,19.42766571044922,1.3615359999999999e-05,0.14936721324920654,0.0033220558,-0.0010123747048629938,0.8877182006835938,41.875701731129695,0.013111636513157894,0.9655503421237595,0.2,,
3072.74703835,2075,8716288,2000.0,224,4199,14580,22.09633445739746,1.3226240000000002e-05,0.1492743194103241,0.0024798228,-0.0007683581046110607,0.883920431137085,48.482430535868595,0.009590871710526316,0.9654241310138452,0.2,,
,,8749405,,,,14590,18.85213279724121,1.2837120000000003e-05,0.14924977719783783,0.0029374205,-0.0009399960442878135,0.8885576725006104,39.37138560822135,0.011297286184210527,0.9662025869676941,0.2,2000.0,3492.1499574500003
3080.191588880001,2103,8755200,2000.0,225,4161,,,,,,,,,,,,,
3067.813860930001,2110,8794112,2000.0,226,4165,14600,6.147496700286865,1.2448000000000003e-05,0.14926324784755707,0.002882946,-0.0007769188829115592,0.9017148613929749,36.38097626033582,0.011780427631578947,0.9663984308117315,0.2,,
3049.80683613,2118,8833024,2000.0,227,4170,14610,38.64826583862305,1.2058880000000006e-05,0.1494102030992508,0.0032963387,-0.001661304364863195,0.8641509413719177,58.20872355762281,0.02206774259868421,0.9652498373075535,0.2,,
3060.9046645300004,2125,8871936,2000.0,228,4174,14620,24.68528175354004,1.1669759999999997e-05,0.14930903911590576,0.0024974472,-0.0006676811102998295,0.8798018097877502,47.090236010049516,0.009249074835526316,0.9647980041409794,0.2,,
3062.04807727,2132,8910848,2000.0,229,4179,14630,27.699304580688477,1.1280639999999998e-05,0.14918062090873718,0.0023973626,-0.000611371096487059,0.8740398287773132,42.40429448454004,0.007570929276315789,0.9664364766133459,0.2,,
3027.8579240099994,2139,8949760,1982.35,230,4183,14640,10.3421049118042,1.0891519999999999e-05,0.14898744225502014,0.0031217213,-0.0012417554138473381,0.8841769695281982,29.390322709710976,0.014833470394736842,0.9686842240785297,0.2,,
3060.8680945900014,2146,8988672,1982.35,231,4187,14650,13.947094917297363,1.0502400000000001e-05,0.14909255504608154,0.0029703784,-0.0011280783625950694,0.9006400108337402,33.38676586276606,0.009742495888157895,0.969208955058926,0.2,,
,,8999388,,,,14660,15.20238208770752,1.0113280000000002e-05,0.14913731813430786,0.0020744996,-0.0004959825733462103,0.8973491787910461,34.012998878328425,0.005550986842105263,0.9681428850481385,0.2,2000.0,3509.6426331499997
3067.21764805,2174,9027584,1982.35,232,4150,,,,,,,,,,,,,
3084.6220885599996,2181,9066496,1982.35,233,4155,14670,11.354656219482422,9.724160000000005e-06,0.14900556206703186,0.0028279033,-0.0009204556516028548,0.8881714344024658,29.314037339310897,0.009053762335526315,0.9686864950154958,0.2,,
3066.85915619,2188,9105408,1982.35,234,4160,14680,22.373971939086914,9.335039999999996e-06,0.1490485966205597,0.002295784,-0.0006194580736184051,0.8854271769523621,42.38938471769032,0.00717516447368421,0.9693743886916261,0.2,,
3105.4978137499998,2195,9144320,2000.0,235,4164,14690,27.743017196655273,8.945919999999997e-06,0.14907877147197723,0.0023567774,-0.0005660148908837551,0.884709894657135,50.3061466794265,0.00478772615131579,0.9688585373916124,0.2,,
3084.80605238,2202,9183232,2000.0,236,4168,14700,46.13382339477539,8.556799999999997e-06,0.14909353852272034,0.0026365463,-0.0007188400442828425,0.8796135187149048,39.87403621799067,0.009110300164473685,0.9685508400986069,0.2,,
3080.4833124400006,2209,9222144,2000.0,237,4173,14710,27.631799697875977,8.16768e-06,0.1492026001214981,0.0029186532,-0.0007293403096570584,0.850914716720581,50.616740251842295,0.009326171875,0.967635538311381,0.2,,
,,9249371,,,,14720,13.58201789855957,7.778560000000001e-06,0.14915414154529572,0.0018025972,-0.0007024027477631247,0.8745395541191101,37.74570307606145,0.0067100123355263155,0.9673621124342868,0.2,2000.0,3484.86200055
3068.15935745,2238,9261056,1998.41,238,4137,,,,,,,,,,,,,
3088.2564503399994,2245,9299968,1998.41,239,4142,14730,18.53915023803711,7.389440000000003e-06,0.14913177490234375,0.0020077382,-0.0005013244334565426,0.896451473236084,48.72072960953963,0.005671772203947369,0.9677960667955248,0.2,,
3115.6918638300003,2252,9338880,1998.41,240,4146,14740,12.395936965942383,7.0003200000000045e-06,0.14914149045944214,0.00096165534,-0.00026283524103315643,0.9004795551300049,34.57553596747549,0.0004420230263157895,0.9678857001034837,0.2,,
3130.11286523,2259,9377792,1998.41,241,4150,14750,18.586734771728516,6.611199999999995e-06,0.14922448992729187,0.002244714,-0.0006091307231384378,0.8876803517341614,32.628239798545835,0.005263157894736842,0.9672115578463203,0.2,,
3125.1016747,2266,9416704,1998.41,242,4154,14760,11.060375213623047,6.222079999999997e-06,0.14921829104423523,0.003096815,-0.000901796893863081,0.887622058391571,37.970963966219045,0.009349300986842106,0.9667204904713129,0.2,,
3131.1827501599996,2273,9455616,1998.41,243,4159,14770,8.334024429321289,5.832959999999999e-06,0.1493033766746521,0.0026368536,-0.0007711509100198255,0.8856521844863892,32.431424699331586,0.0069258840460526315,0.9661598325559967,0.2,,
3132.7368331499997,2280,9494528,2000.0,244,4163,14780,30.280168533325195,5.44384e-06,0.1493474543094635,0.0015841861,-0.0003555551236403469,0.8727973699569702,39.05896079916703,0.0038497121710526316,0.9653318736114,0.2,,
,,9499354,,,,14790,22.353973388671875,5.0547200000000015e-06,0.1492765247821808,0.0015835467,-0.00048666804887991595,0.8927583694458008,33.066667146431776,0.0016318873355263158,0.9655394867062569,0.2,2000.0,3460.1002104500003
3127.2541409800006,2308,9533440,2000.0,245,4129,,,,,,,,,,,,,
3112.2626090199997,2315,9572352,2000.0,246,4133,14800,12.836552619934082,4.665600000000003e-06,0.14927604794502258,0.0018707861,-0.0005903315862126061,0.8878811597824097,28.042503758480674,0.005263157894736842,0.966041278682257,0.2,,
3118.43566444,2322,9611264,2000.0,247,4137,14810,35.2847785949707,4.276480000000005e-06,0.149283766746521,0.0013525723,-0.00034702530997731773,0.8665673732757568,43.826921726527964,0.0010074013157894738,0.9660193231544997,0.2,,
3115.6501696499995,2329,9650176,2000.0,248,4142,14820,21.642715454101562,3.887359999999996e-06,0.1492997705936432,0.0017159395,-0.0005720285976023756,0.8647827506065369,45.05128610134125,0.005204050164473684,0.9658365328060953,0.2,,
3138.2377982,2336,9689088,2000.0,249,4146,14830,19.201011657714844,3.498239999999997e-06,0.14924129843711853,0.0012872075,-0.0005026001581618881,0.8726437091827393,30.614006207491222,0.0021844161184210527,0.9661058380415565,0.2,,
3130.8165892899997,2343,9728000,2000.0,250,4150,14840,20.54638671875,3.109119999999999e-06,0.14927679300308228,0.0017562732,-0.000570858557138739,0.874451220035553,38.181459774469076,0.003543893914473684,0.9662872441505131,0.2,,
,,9749337,,,,14850,11.541434288024902,2.7200000000000002e-06,0.14930713176727295,0.0010842666,-0.00022686843937998148,0.8845585584640503,30.10505769754711,0.0004188939144736842,0.9658323896558662,0.2,2000.0,3486.08144695
3114.51768662,2372,9766912,2000.0,251,4116,,,,,,,,,,,,,
3109.93261748,2379,9805824,2000.0,252,4121,14860,20.067386627197266,2.330880000000002e-06,0.1493157297372818,0.0010715055,-0.00033650299776222947,0.8737727999687195,50.94849408425783,0.00023643092105263158,0.9655917293931309,0.2,,
3119.4228997500004,2386,9844736,2000.0,253,4125,14870,11.640381813049316,1.9417600000000038e-06,0.14931057393550873,0.0014908215,-0.0005315897980165717,0.8718854188919067,30.737570151529813,0.0019839638157894738,0.9655235725013833,0.2,,
3118.8149161399992,2393,9883648,2000.0,254,4129,14880,19.04367446899414,1.5526400000000053e-06,0.14931511878967285,0.0017772394,-0.0005998715839508038,0.865007221698761,49.914453958210196,0.002099609375,0.9655503651029185,0.2,,
3118.5091001200008,2400,9922560,2000.0,255,4133,14890,15.559895515441895,1.1635199999999956e-06,0.14933264255523682,0.0014279437,-0.0004853159579062393,0.8693484663963318,39.79470329535635,0.0008532072368421053,0.9654113992264396,0.2,,
3128.7904631199995,2407,9961472,2000.0,256,4137,14900,16.338899612426758,7.743999999999973e-07,0.14934122562408447,0.00016380307,-0.0001461951255853484,0.8628864884376526,48.84558934161537,0.0,0.9652340466254636,0.2,,
,,9999320,,,,14910,17.069780349731445,3.8527999999999896e-07,0.14933829009532928,0.000121535304,-0.00013309399609601026,0.8799971342086792,35.81133705189354,0.0,0.9651959928242784,0.2,2000.0,3457.9762862
3142.964332270001,2436,10000384,2000.0,257,4105,,,,,,,,,,,,,
